coin_id,year,program,denomination,mint_mark,country,condition,cost,personal_photos,reference_imgs,fully_missing,obverse_url,reverse_url
9ab78fe0-e4e3-41b0-ba3a-bba701a192a9,,,,,US,,,None,None,YES,,
0002c0f9-9ea5-42d7-8697-a31353ffcb6d,1954,Franklin Half Dollar,Half Dollar,S,US,Gem Uncirculated 65,$225.00,None,None,YES,gs://numista-uploads-studio-9101802118-8c9a8/ai_generated_coins/jseaman1204@gmai...,
001e17fe-b783-417a-9897-f1593dc32a35,2010,Lincoln Cent,Penny,D,US,Mint State,$0.25,None,None,YES,gs://numista-uploads-studio-9101802118-8c9a8/ai_generated_coins/jseaman1204@gmai...,
4d7dcedd-9637-44ff-b833-d42b40be151d,,,,,US,Ungraded,,Obverse only,None,no,https://storage.googleapis.com/numista-uploads-studio-9101802118-8c9a8/ai_genera...,
925e6556-54c6-41fd-b303-d0aac5db7bb8,,,,,US,63,$0.00,Obverse only,None,no,https://storage.googleapis.com/numista-uploads-studio-9101802118-8c9a8/ai_genera...,
c5f7f111-2786-4ecd-9dd1-6afa958d7bbc,,,,,US,Ungraded,$0.00,Obverse only,None,no,https://storage.googleapis.com/numista-uploads-studio-9101802118-8c9a8/ai_genera...,
8cd0b542-8aca-40bb-be5e-aa630a10e042,,1971-1978 Ike Dollar Set,Dollar,,US,Uncirculated & Proof,$899.00,Obverse only,None,no,https://storage.googleapis.com/numista-uploads-studio-9101802118-8c9a8/reference...,
39b04e68-45a8-4b80-9c88-d0901d621e20,,Celebrating America Coin Collection,,,US,Ungraded,$17.95,Obverse only,None,no,https://storage.googleapis.com/numista-uploads-studio-9101802118-8c9a8/reference...,
5c8412e8-1bc6-48ab-8d58-73438a51be06,,Celebrating America Coin Collection,,,US,Ungraded,$17.95,Obverse only,None,no,https://storage.googleapis.com/numista-uploads-studio-9101802118-8c9a8/reference...,
81d0ccc0-0ebd-44e7-a644-7ff7ce9cc5f7,,Celebrating America Coin Collection,$1,,US,Ungraded,$17.95,Obverse only,None,no,https://storage.googleapis.com/numista-uploads-studio-9101802118-8c9a8/reference...,
5da6b179-1043-43c8-9efb-53e7e89da6c1,,Club Selection,Quarter,,US,Ungraded,$239.00,Obverse only,None,no,https://storage.googleapis.com/numista-uploads-studio-9101802118-8c9a8/reference...,
53e3ba95-7b25-47a7-bbf2-bb5bdf1c5e2a,,Historic U.S. Silver Coins,Barber Quarter,P,US,Ungraded,$0.00,Obverse only,None,no,https://storage.googleapis.com/numista-uploads-studio-9101802118-8c9a8/reference...,
c02e6065-8e88-46a7-b1f0-f79714c14ae5,,Historic U.S. Silver Coins,Dime,D,US,Uncirculated,$0.00,Obverse only,None,no,https://storage.googleapis.com/numista-uploads-studio-9101802118-8c9a8/reference...,
10861b9b-ae1e-4200-86b0-876b2d1c37ef,,The Celebrating America Coin Collection,,,US,Ungraded,$17.95,Obverse only,None,no,https://storage.googleapis.com/numista-uploads-studio-9101802118-8c9a8/reference...,
a7f0264e-5327-4164-a1ad-1242ec1d129f,,The Celebrating America Coin Collection,,,US,Ungraded,$17.95,Obverse only,None,no,https://storage.googleapis.com/numista-uploads-studio-9101802118-8c9a8/reference...,
fd3c9cde-26d5-4256-99ce-a03b27f20329,,The Celebrating America Coin Collection Shipment 21,,,US,Ungraded,$17.95,Obverse only,None,no,https://storage.googleapis.com/numista-uploads-studio-9101802118-8c9a8/reference...,
6a514596-26f4-4617-a86e-da378aba2995,1806,Barber Silver Quarters,25 Cents,,US,Very Good,$979.00,Obverse only,None,no,https://storage.googleapis.com/numista-uploads-studio-9101802118-8c9a8/reference...,
cba39df5-7e47-482c-be3e-6255d5f25265,1818,,Capped Bust Silver Quarter,,US,Very Good,$266.00,Obverse only,None,no,https://storage.googleapis.com/numista-uploads-studio-9101802118-8c9a8/reference...,
6b956962-8329-4d4e-a668-e37853c85814,1819,,Capped Bust Silver Quarter,,US,Good,$210.00,Obverse only,None,no,https://storage.googleapis.com/numista-uploads-studio-9101802118-8c9a8/reference...,
7c2588e1-0c96-49fe-a41d-8a63ff2b7ea2,1819,,Capped Bust Silver Quarter,,US,Good,$210.00,Obverse only,None,no,https://storage.googleapis.com/numista-uploads-studio-9101802118-8c9a8/reference...,
692dbcfc-3c13-4c69-98e7-3c28954a9bbd,1821,,Capped Bust Silver Quarter,,US,Very Good,$335.00,Obverse only,None,no,https://storage.googleapis.com/numista-uploads-studio-9101802118-8c9a8/reference...,
2cbd679d-811e-401c-b8db-86a3425faa12,1825,,Capped Bust Silver Quarter,,US,Very Good,$325.00,Obverse only,None,no,https://storage.googleapis.com/numista-uploads-studio-9101802118-8c9a8/reference...,
a8acddb7-70de-4362-80b2-023d0373faac,1825,Classic Head,Half Cent,,US,Extremely Fine,$335.00,Obverse only,None,no,https://storage.googleapis.com/numista-uploads-studio-9101802118-8c9a8/reference...,
0a152dd6-7d3a-4cbc-ad65-03ab06836767,1828,Classic Head,Half Cent,,US,Extremely Fine,$240.00,Obverse only,None,no,https://storage.googleapis.com/numista-uploads-studio-9101802118-8c9a8/reference...,
3fd1fca6-5d49-4023-991d-ec2289e3486f,1829,Classic Head,Half Cent,,US,About Uncirculated,$239.00,Obverse only,None,no,https://storage.googleapis.com/numista-uploads-studio-9101802118-8c9a8/reference...,
f22afc42-c319-488c-baba-144beb052a29,1832,,Capped Bust Silver Quarter,,US,Extremely Fine,$585.00,Obverse only,None,no,https://storage.googleapis.com/numista-uploads-studio-9101802118-8c9a8/reference...,
6d36146e-b070-4e99-9f48-f7d7363b605d,1835,,Capped Bust Silver Quarter,,US,Fine,$235.00,Obverse only,None,no,https://storage.googleapis.com/numista-uploads-studio-9101802118-8c9a8/reference...,
48b2efb4-433d-4487-a3bb-eb48ecaafc8b,1838,,Nickel,,US,Extremely Fine,$125.00,Obverse only,None,no,https://storage.googleapis.com/numista-uploads-studio-9101802118-8c9a8/reference...,
66ca64f7-0c59-4e5f-bb3e-fe5265ffcac5,1839,,Nickel,O,US,Fine,$76.50,Obverse only,None,no,https://storage.googleapis.com/numista-uploads-studio-9101802118-8c9a8/reference...,
1216af14-059a-4a1c-8820-25d4753401be,1840,,Nickel,,US,Very Fine,$225.00,Obverse only,None,no,https://storage.googleapis.com/numista-uploads-studio-9101802118-8c9a8/reference...,
e503053b-2875-43b0-a700-7b9c7d23b552,1840,,Nickel,,US,Fine,$81.00,Obverse only,None,no,https://storage.googleapis.com/numista-uploads-studio-9101802118-8c9a8/reference...,
1ffd4b34-6f92-4fb7-84e9-435a515a7b0b,1842,,Nickel,,US,Fine,$72.00,Obverse only,None,no,https://storage.googleapis.com/numista-uploads-studio-9101802118-8c9a8/reference...,
d7076c44-e57f-4a60-8070-5292f70c1a6c,1842,,Nickel,O,US,Very Fine,$775.00,Obverse only,None,no,https://storage.googleapis.com/numista-uploads-studio-9101802118-8c9a8/reference...,
37b9d1dc-e231-4792-a862-4ac9b9736a44,1843,,Nickel,,US,Extremely Fine,$125.00,Obverse only,None,no,https://storage.googleapis.com/numista-uploads-studio-9101802118-8c9a8/reference...,
7feb8138-db21-4a93-bb5f-102af2041116,1844,,Nickel,,US,Good,$65.00,Obverse only,None,no,https://storage.googleapis.com/numista-uploads-studio-9101802118-8c9a8/reference...,
f7be1d35-81b9-4e7a-a451-dc931cd9af6d,1845,,Nickel,,US,Very Fine/EF,$105.00,Obverse only,None,no,https://storage.googleapis.com/numista-uploads-studio-9101802118-8c9a8/reference...,
fd0317c7-99e7-4949-a58a-b6ff73403da6,1847,,Nickel,,US,Extremely Fine,$174.00,Obverse only,None,no,https://storage.googleapis.com/numista-uploads-studio-9101802118-8c9a8/reference...,
5994b596-046e-441c-8496-b9ae62acf063,1848,,Nickel,O,US,Very Fine,$245.00,Obverse only,None,no,https://storage.googleapis.com/numista-uploads-studio-9101802118-8c9a8/reference...,
2ce59c63-0597-471e-ae56-84f0e1fd707a,1849,,Nickel,O,US,Choice About Uncirculated,$1875.00,Obverse only,None,no,https://storage.googleapis.com/numista-uploads-studio-9101802118-8c9a8/reference...,
d338616d-694c-41b5-bf07-ecbd2ac971b6,1852,,Nickel,,US,Choice AU 58,$225.00,Obverse only,None,no,https://storage.googleapis.com/numista-uploads-studio-9101802118-8c9a8/reference...,
2f366b4e-ae0d-4039-9045-b3dfd6043471,1853,,Nickel,,US,Average Circulated,$45.00,Obverse only,None,no,https://storage.googleapis.com/numista-uploads-studio-9101802118-8c9a8/reference...,
e87fcfa3-396a-4273-8ebf-98b9d5413725,1853,,Nickel,,US,Fine,$185.00,Obverse only,None,no,https://storage.googleapis.com/numista-uploads-studio-9101802118-8c9a8/reference...,
10fd1c4f-8fbf-434d-9a54-07706823c8bc,1854,,Nickel,,US,Very Fine,$76.50,Obverse only,None,no,https://storage.googleapis.com/numista-uploads-studio-9101802118-8c9a8/reference...,
6ee57bb5-a0b6-4f83-90ed-d7b66e9e10a0,1855,,Nickel,,US,Fine,$63.00,Obverse only,None,no,https://storage.googleapis.com/numista-uploads-studio-9101802118-8c9a8/reference...,
a0201f43-c7bb-4367-87ac-c9b404530c63,1856,,Nickel,,US,Average Circulated,$45.00,Obverse only,None,no,https://storage.googleapis.com/numista-uploads-studio-9101802118-8c9a8/reference...,
0e41d691-2f12-48d0-b8de-00f8571c53d7,1857,,Nickel,O,US,Extremely Fine,$135.00,Obverse only,None,no,https://storage.googleapis.com/numista-uploads-studio-9101802118-8c9a8/reference...,
8e84b84d-7509-403e-874f-f2510176c64d,1857,,Nickel,,US,Choice AU58,$225.00,Obverse only,None,no,https://storage.googleapis.com/numista-uploads-studio-9101802118-8c9a8/reference...,
b212faf0-36fb-444e-ac57-c3618b7c8570,1858,,Nickel,O,US,Very Fine,$95.00,Obverse only,None,no,https://storage.googleapis.com/numista-uploads-studio-9101802118-8c9a8/reference...,
c1abc31d-d267-4cf0-b7fe-e0e167c61bd6,1858,,Nickel,,US,Very Fine,$85.00,Obverse only,None,no,https://storage.googleapis.com/numista-uploads-studio-9101802118-8c9a8/reference...,
17d482a1-c5f0-4e6b-b382-08dccefa8205,1859,,Nickel,O,US,Extremely Fine,$195.00,Obverse only,None,no,https://storage.googleapis.com/numista-uploads-studio-9101802118-8c9a8/reference...,
dc2cb322-38cb-42a4-b8c6-c13b5742e8cd,1859,,Nickel,,US,About Uncirculated 50,$210.00,Obverse only,None,no,https://storage.googleapis.com/numista-uploads-studio-9101802118-8c9a8/reference...,
f492137a-18c3-40ca-9504-29de995a747c,1859,Indian Head Cent,1 Cent,,US,Extremely Fine,$199.00,Obverse only,None,no,https://storage.googleapis.com/numista-uploads-studio-9101802118-8c9a8/reference...,
0f56bc59-ba74-4d0a-9c3a-fdc4c14338c1,1860,,Nickel,,US,Very Fine,$67.50,Obverse only,None,no,https://storage.googleapis.com/numista-uploads-studio-9101802118-8c9a8/reference...,
149c95c5-e2ac-4454-87f9-e0b77b11d8fd,1860,,Nickel,O,US,Fine,$75.00,Obverse only,None,no,https://storage.googleapis.com/numista-uploads-studio-9101802118-8c9a8/reference...,
b0d6c3d7-3c5a-4e21-8c36-7196badd41d5,1860,Indian Head Cent,1 Cent,,US,Very Fine,$95.00,Obverse only,None,no,https://storage.googleapis.com/numista-uploads-studio-9101802118-8c9a8/reference...,
dda90a3d-a0f8-45bc-b3aa-170e66831ded,1860,Indian Head Cent,1 Cent,,US,MS-63,$450.00,Obverse only,None,no,https://storage.googleapis.com/numista-uploads-studio-9101802118-8c9a8/reference...,
3819614f-cad1-4640-9075-c37873fd420d,1861,,Nickel,,US,Very Good,$58.50,Obverse only,None,no,https://storage.googleapis.com/numista-uploads-studio-9101802118-8c9a8/reference...,
719f5144-e5e2-49d6-91f9-9a40901a8f2e,1861,Indian Head Cent,1 Cent,,US,Fine,$99.00,Obverse only,None,no,https://storage.googleapis.com/numista-uploads-studio-9101802118-8c9a8/reference...,
b92827ae-e331-4c22-97f0-a2d538a43c22,1862,,Nickel,,US,Extremely Fine,$121.50,Obverse only,None,no,https://storage.googleapis.com/numista-uploads-studio-9101802118-8c9a8/reference...,
c65e3efd-276f-4b3d-bcbd-301255148e07,1863,,Nickel,,US,Very Choice Uncirculated,$1450.00,Obverse only,None,no,https://storage.googleapis.com/numista-uploads-studio-9101802118-8c9a8/reference...,
542f42c0-31a0-43b3-9d35-cb1417fdde87,1864,Indian Head Cent,1 Cent,,US,Fine/VF,$270.00,Obverse only,None,no,https://storage.googleapis.com/numista-uploads-studio-9101802118-8c9a8/reference...,
ec2a2127-a7a3-4d4d-b322-9f206b0fe4cb,1865,,,,US,Very Choice Uncirculated,$350.00,Obverse only,None,no,https://storage.googleapis.com/numista-uploads-studio-9101802118-8c9a8/ai_genera...,
1c8e7e49-e355-49b6-a922-a3d96b1ad113,1866,,,,US,VF/EF,$270.50,Obverse only,None,no,https://storage.googleapis.com/numista-uploads-studio-9101802118-8c9a8/ai_genera...,
91ddbe5c-8b8f-4747-af1f-cba27aecf34b,1866,Three-Cent Nickel,Nickel,P,USA,Fine,29.95,Obverse only,None,no,https://storage.googleapis.com/numista-uploads-studio-9101802118-8c9a8/reference...,
4b8a2d7e-29d9-4616-853a-0cd69e8acec0,1867,,,,US,Extremely Fine,$335.00,Obverse only,None,no,https://storage.googleapis.com/numista-uploads-studio-9101802118-8c9a8/ai_genera...,
e092deda-7caa-4017-8b73-b99afb30fc5b,1868,,,,US,Very Fine,$210.00,Obverse only,None,no,https://storage.googleapis.com/numista-uploads-studio-9101802118-8c9a8/ai_genera...,
30a88fa5-4791-4d49-89bf-d40d45bc5a3e,1869,,,,US,Extremely Fine,$695.00,Obverse only,None,no,https://storage.googleapis.com/numista-uploads-studio-9101802118-8c9a8/ai_genera...,
2e822906-c26a-4dd3-8fda-d61d10989660,1870,,,,US,Extremely Fine,$775.00,Obverse only,None,no,https://storage.googleapis.com/numista-uploads-studio-9101802118-8c9a8/ai_genera...,
86f24f51-1fec-4171-8292-25028cc2f274,1870,,,,US,Fine,$338.00,Obverse only,None,no,https://storage.googleapis.com/numista-uploads-studio-9101802118-8c9a8/ai_genera...,
c7dc1055-a88d-48c9-baa7-30396f89879e,1870,,Nickel,,US,Fine,$63.00,Obverse only,None,no,https://storage.googleapis.com/numista-uploads-studio-9101802118-8c9a8/reference...,
2b46d48b-ae23-4d7f-81ed-b8e89c460955,1871,,Nickel,,US,Extremely Fine,$105.00,Obverse only,None,no,https://storage.googleapis.com/numista-uploads-studio-9101802118-8c9a8/reference...,
85f78bda-54aa-472c-a2d2-38316a15e9ec,1871,,Nickel,S,US,Extra Fine,$67.50,Obverse only,None,no,https://storage.googleapis.com/numista-uploads-studio-9101802118-8c9a8/reference...,
fd921ba5-a126-4394-87f3-942ab6df3cae,1871,,,,US,Good,$175.00,Obverse only,None,no,https://storage.googleapis.com/numista-uploads-studio-9101802118-8c9a8/ai_genera...,
06a59662-67b3-4882-9fef-2ad8e6fbf439,1872,,Nickel,S,US,Extremely Fine,$129.00,Obverse only,None,no,https://storage.googleapis.com/numista-uploads-studio-9101802118-8c9a8/reference...,
92b05314-f3e3-469d-b058-bbf4a8a5433b,1872,,,,US,Very Good,$350.00,Obverse only,None,no,https://storage.googleapis.com/numista-uploads-studio-9101802118-8c9a8/ai_genera...,
a1b43521-f948-4168-808a-6829a06427ce,1872,,Nickel,,US,Very Good,$58.50,Obverse only,None,no,https://storage.googleapis.com/numista-uploads-studio-9101802118-8c9a8/reference...,
576da6a9-dc09-4896-8bdf-ee66f690a3e5,1874,,,,US,Extremely Fine,$210.00,Obverse only,None,no,https://storage.googleapis.com/numista-uploads-studio-9101802118-8c9a8/ai_genera...,
67024e1e-9f50-4f8d-9547-3a7b40300297,1874,Indian Head Pattern Dollar,Dollar,,US,MS-63,$925.00,Obverse only,None,no,https://storage.googleapis.com/numista-uploads-studio-9101802118-8c9a8/reference...,
8e1ee2d0-4c16-4763-9b8f-c728c2216855,1877,,,,US,Good,$948.00,Obverse only,None,no,https://storage.googleapis.com/numista-uploads-studio-9101802118-8c9a8/ai_genera...,
9eb832ea-ac12-4742-9cc0-bb0fbb45fabe,1878,,,,US,About Uncirculated,$475.00,Obverse only,None,no,https://storage.googleapis.com/numista-uploads-studio-9101802118-8c9a8/ai_genera...,
e60c1194-7477-4037-8929-f5a778580f53,1879,,,,US,Very Fine,$80.00,Obverse only,None,no,https://storage.googleapis.com/numista-uploads-studio-9101802118-8c9a8/ai_genera...,
3cd50285-6219-4745-8550-8c71aea23682,1879,Schoolgirl Dollar,$1,,USA,Ungraded,59.95,Obverse only,None,no,https://storage.googleapis.com/numista-uploads-studio-9101802118-8c9a8/reference...,
641893e0-fbc0-40d8-a290-024aa4ec2726,1884,,,,US,Very Fine,$36.00,Obverse only,None,no,https://storage.googleapis.com/numista-uploads-studio-9101802118-8c9a8/ai_genera...,
3396a17b-ded9-4c84-ad61-1b6b0dd00d5f,1885,,,,US,Extremely Fine,$125.00,Obverse only,None,no,https://storage.googleapis.com/numista-uploads-studio-9101802118-8c9a8/ai_genera...,
8e5737da-a9a8-46cb-a14a-3387122def34,1886,,,,US,Fine,$76.50,Obverse only,None,no,https://storage.googleapis.com/numista-uploads-studio-9101802118-8c9a8/ai_genera...,
44d81853-f14f-472d-bfb1-f6682e5a98a1,1887,,,,US,Extremely Fine,$49.50,Obverse only,None,no,https://storage.googleapis.com/numista-uploads-studio-9101802118-8c9a8/ai_genera...,
dc8f1ef4-2109-44ef-a611-daa001bc3e5b,1888,,,,US,Extremely Fine,$54.00,Obverse only,None,no,https://storage.googleapis.com/numista-uploads-studio-9101802118-8c9a8/kaggle/mi...,
79183f43-2e88-430d-bf52-144b56257e8a,1889,,,,US,Extremely Fine,$36.00,Obverse only,None,no,https://storage.googleapis.com/numista-uploads-studio-9101802118-8c9a8/ai_genera...,
7dcba4e6-d9d5-4698-a630-9c0adf868090,1890,,,,US,Average Circulated,$99.00,Obverse only,None,no,https://storage.googleapis.com/numista-uploads-studio-9101802118-8c9a8/kaggle/mi...,
49c43ef7-7f68-4929-a866-a7f1dbd51af9,1892,Barber,Dime,,US,Good,$42.95,Obverse only,None,no,https://storage.googleapis.com/numista-uploads-studio-9101802118-8c9a8/reference...,
b9d3f472-b037-48f8-81ec-14c2459d9cbe,1892,Barber Silver Quarters,25 Cents,,US,Ungraded,$31.00,Obverse only,None,no,https://storage.googleapis.com/numista-uploads-studio-9101802118-8c9a8/reference...,
e9ac4921-7bb5-430d-bff1-dce488485d1b,1892,Barber Silver Quarters,25 Cents,S,US,Good,$110.00,Obverse only,None,no,https://storage.googleapis.com/numista-uploads-studio-9101802118-8c9a8/reference...,
68b70074-eb35-4d94-b008-7b4e4d1d4faf,1893,,Indian Head Cent,,US,Good,$0.00,Obverse only,None,no,https://storage.googleapis.com/numista-uploads-studio-9101802118-8c9a8/reference...,
b80b5d47-6147-445e-83a8-c40c2e096903,1893,,,,US,Average Circulated,,Obverse only,None,no,https://storage.googleapis.com/numista-uploads-studio-9101802118-8c9a8/ai_genera...,
ebf6e30c-4551-4859-883a-d4af89972a4d,1893,Barber Silver Quarters,25 Cents,O,US,AC,$34.75,Obverse only,None,no,https://storage.googleapis.com/numista-uploads-studio-9101802118-8c9a8/reference...,
977e9860-69e8-4068-9cde-d98d991c1837,1894,,,,US,Very Fine,$55.00,Obverse only,None,no,https://storage.googleapis.com/numista-uploads-studio-9101802118-8c9a8/ai_genera...,
211ae598-3379-44f2-b0e8-5ee2e7f5b15f,1894,Barber,Barber Dime,,US,AU-50,$395.00,Obverse only,None,no,https://storage.googleapis.com/numista-uploads-studio-9101802118-8c9a8/reference...,
ce3ef0ae-b7c6-4a90-bc22-ed3854342384,1894,Indian Head Cents,1 CENT,P,USA,G-VG,19.95,Obverse only,None,no,https://storage.googleapis.com/numista-uploads-studio-9101802118-8c9a8/reference...,
c28a6782-8c53-412c-9476-e8eb680c8b2a,1895,Barber Dimes,Barber Silver Dimes,S,US,About Fine,$230.00,Obverse only,None,no,https://storage.googleapis.com/numista-uploads-studio-9101802118-8c9a8/reference...,
92cd4fef-1a29-4368-a37b-ab7f4704af6a,1895,Barber Series,Dime,S,US,About Fine,$230.00,Obverse only,None,no,https://storage.googleapis.com/numista-uploads-studio-9101802118-8c9a8/reference...,
41764e2e-1c06-4970-91bb-ba8a84cbf2da,1895,Barber Silver Quarters,25 Cents,S,US,AC,$58.50,Obverse only,None,no,https://storage.googleapis.com/numista-uploads-studio-9101802118-8c9a8/reference...,
8906b37f-86b5-448e-ac4c-ec4b2a145eb3,1896,,Indian Head Cent,,US,Average Circulated,$0.00,Obverse only,None,no,https://storage.googleapis.com/numista-uploads-studio-9101802118-8c9a8/reference...,
df94e03e-2593-4d7c-bcaf-115996b18fd2,1896,Barber Silver Quarters,25 Cents,S,US,G-6,$1750.00,Obverse only,None,no,https://storage.googleapis.com/numista-uploads-studio-9101802118-8c9a8/reference...,
e113ea83-813a-48f6-a9ac-80c6f2f5bdb1,1897,Barber Dime,Barber Dime,P,US,Proof-64,1150.00,Obverse only,None,no,https://storage.googleapis.com/numista-uploads-studio-9101802118-8c9a8/reference...,
4fe32fe3-4d44-4663-8b9b-328f719e964e,1897,Barber Silver Quarters,25 Cents,,US,Ungraded,$60.00,Obverse only,None,no,https://storage.googleapis.com/numista-uploads-studio-9101802118-8c9a8/reference...,
5d02cca5-17ad-44dc-9aae-5722f86bfc3a,1897,Barber Silver Quarters,25 Cents,S,US,Good,$220.00,Obverse only,None,no,https://storage.googleapis.com/numista-uploads-studio-9101802118-8c9a8/reference...,
a4fbcd17-c060-4f92-8eef-4f0421ff7567,1897,Barber Silver Quarters,25 Cents,D,US,AC,$76.50,Obverse only,None,no,https://storage.googleapis.com/numista-uploads-studio-9101802118-8c9a8/reference...,
bde99794-e59a-41c6-b430-d987464f0c62,1898,Barber Dimes,Barber Silver Dimes,P,US,Good,$24.95,Obverse only,None,no,https://storage.googleapis.com/numista-uploads-studio-9101802118-8c9a8/reference...,
6f6083a5-2db6-4421-887d-3e37d806f627,1898,Barber Series,Dime,Pending,US,Good,$24.95,Obverse only,None,no,https://storage.googleapis.com/numista-uploads-studio-9101802118-8c9a8/reference...,
4137c801-5c29-417e-b506-a507ac1d1216,1898,Barber Silver Quarters,25 Cents,S,US,AC,$35.25,Obverse only,None,no,https://storage.googleapis.com/numista-uploads-studio-9101802118-8c9a8/reference...,
6f2f2dcf-7740-4ef7-974a-7266a3fbd3d8,1898,Barber Silver Quarters,25 Cents,,US,Very Good,$40.50,Obverse only,None,no,https://storage.googleapis.com/numista-uploads-studio-9101802118-8c9a8/reference...,
847e851d-c967-4f97-9d5f-aeb57ab9ba86,1898,Barber Silver Quarters,25 Cents,O,US,Good,$48.00,Obverse only,None,no,https://storage.googleapis.com/numista-uploads-studio-9101802118-8c9a8/reference...,
c7c7096a-eb14-4f64-abdb-c8854de0d9a8,1899,Barber Dimes,Barber Silver Dimes,P,US,Good,$24.95,Obverse only,None,no,https://storage.googleapis.com/numista-uploads-studio-9101802118-8c9a8/reference...,
fd69a1fc-d49f-4a17-a73e-b8c6db032290,1899,Barber Series,Dime,Pending,US,Good,$24.95,Obverse only,None,no,https://storage.googleapis.com/numista-uploads-studio-9101802118-8c9a8/reference...,
8f54da9d-9370-4a5e-a4f8-8b388f5a09fb,1899,Barber Silver Quarters,25 Cents,S,US,AC,$52.50,Obverse only,None,no,https://storage.googleapis.com/numista-uploads-studio-9101802118-8c9a8/reference...,
f92baba8-e0e1-4dc8-b566-eda9c77240db,1899,Barber Silver Quarters,25 Cents,,US,Average Circulated,$44.74,Obverse only,None,no,https://storage.googleapis.com/numista-uploads-studio-9101802118-8c9a8/reference...,
d67189aa-a629-4b5b-a3ec-199d9ab4f705,1900,Barber Dimes,Barber Silver Dimes,P,US,Good,$23.95,Obverse only,None,no,https://storage.googleapis.com/numista-uploads-studio-9101802118-8c9a8/reference...,
8f12aa1c-c827-4ebb-8fbe-50f8627ec3b6,1900,Barber Series,Dime,Pending,US,Good,$23.95,Obverse only,None,no,https://storage.googleapis.com/numista-uploads-studio-9101802118-8c9a8/reference...,
1e9f312c-9579-42a7-93cd-bc44dc3d4ae5,1900,Barber Silver Quarters,25 Cents,,US,Good,$31.50,Obverse only,None,no,https://storage.googleapis.com/numista-uploads-studio-9101802118-8c9a8/reference...,
7fb235fc-f12c-4ae4-9eb7-cf0463522972,1900,Barber Silver Quarters,25 Cents,S,US,Fine,$80.00,Obverse only,None,no,https://storage.googleapis.com/numista-uploads-studio-9101802118-8c9a8/reference...,
ed4aded3-8fff-4b4e-a484-488ef7c6122b,1900,Barber Silver Quarters,25 Cents,O,US,AC,$45.00,Obverse only,None,no,https://storage.googleapis.com/numista-uploads-studio-9101802118-8c9a8/reference...,
4af893e6-e25a-4f52-9d60-97745fde37c5,1901,Barber Dimes,Barber Silver Dimes,P,US,Good,$23.95,Obverse only,None,no,https://storage.googleapis.com/numista-uploads-studio-9101802118-8c9a8/reference...,
2bc83e64-87e7-43bf-8cfd-a8b70448d1e7,1901,Barber Series,Dime,Pending,US,Good,$23.95,Obverse only,None,no,https://storage.googleapis.com/numista-uploads-studio-9101802118-8c9a8/reference...,
6f031611-d6b1-40b6-a929-5d3a7e4dddbd,1901,Barber Silver Quarters,25 Cents,O,US,Good,$145.00,Obverse only,None,no,https://storage.googleapis.com/numista-uploads-studio-9101802118-8c9a8/reference...,
d4905817-9fc5-4673-97bf-85ea3e2d3b29,1902,Barber Dimes,Barber Silver Dimes,P,US,Good,$23.50,Obverse only,None,no,https://storage.googleapis.com/numista-uploads-studio-9101802118-8c9a8/reference...,
436961bf-6fc0-48fa-9ae5-699428cec050,1902,Barber Quarters,25 Cents,,US,Fine,$72.50,Obverse only,None,no,https://storage.googleapis.com/numista-uploads-studio-9101802118-8c9a8/reference...,
f3411cae-a4f7-4e9c-97ae-df04ffdef659,1902,Barber Quarters,25 Cents,S,US,Ungraded,$37.00,Obverse only,None,no,https://storage.googleapis.com/numista-uploads-studio-9101802118-8c9a8/reference...,
9b0a2950-e534-45f2-94df-dd6a7e01a428,1902,Barber Series,Dime,Pending,US,Good,$23.50,Obverse only,None,no,https://storage.googleapis.com/numista-uploads-studio-9101802118-8c9a8/reference...,
a3e05985-feb9-4d99-899d-8f8aad355b30,1902,Barber Silver Quarters,25 Cents,O,US,AC,$35.25,Obverse only,None,no,https://storage.googleapis.com/numista-uploads-studio-9101802118-8c9a8/reference...,
bb4d74f8-f3d3-43f7-a5ac-706caaf7615e,1903,Barber Dimes,Barber Silver Dimes,O,US,Good,$26.95,Obverse only,None,no,https://storage.googleapis.com/numista-uploads-studio-9101802118-8c9a8/reference...,
c1de1b69-92fa-4f62-acb2-eed771751b03,1903,Barber Dimes,Barber Silver Dimes,P,US,Very Good,$28.50,Obverse only,None,no,https://storage.googleapis.com/numista-uploads-studio-9101802118-8c9a8/reference...,
4308c6be-27b1-4c6d-9f1d-851518b05617,1903,Barber Series,Dime,O,US,Good,$26.95,Obverse only,None,no,https://storage.googleapis.com/numista-uploads-studio-9101802118-8c9a8/reference...,
f7c00d38-b1e7-4f04-84a5-a5e9e9d47f4c,1903,Barber Series,Dime,Pending,US,Very Good,$28.50,Obverse only,None,no,https://storage.googleapis.com/numista-uploads-studio-9101802118-8c9a8/reference...,
ae4185bb-0bd8-4a24-93d2-09c5528f6c11,1904,Barber Dimes,Barber Silver Dimes,P,US,Average Circulated,$22.50,Obverse only,None,no,https://storage.googleapis.com/numista-uploads-studio-9101802118-8c9a8/reference...,
87565c01-8bea-4213-b6f7-6967ca8a4542,1904,Barber Series,Dime,Pending,US,Average Circulated,$22.50,Obverse only,None,no,https://storage.googleapis.com/numista-uploads-studio-9101802118-8c9a8/reference...,
4cdfc993-da20-44a0-a0c5-1f8d88100913,1904,Barber Silver Quarters,25 Cents,O,US,About Circulated,$72.00,Obverse only,None,no,https://storage.googleapis.com/numista-uploads-studio-9101802118-8c9a8/reference...,
5c8d8ba5-cf98-44a2-b9a4-a2b723a08d15,1905,,,,US,Good,$7.95,Obverse only,None,no,https://storage.googleapis.com/numista-uploads-studio-9101802118-8c9a8/ai_genera...,
0eb3910d-667f-4d91-859c-c791e7eadee6,1906,,Barber Silver Dime,,US,Good,$0.00,Obverse only,None,no,https://storage.googleapis.com/numista-uploads-studio-9101802118-8c9a8/reference...,
77a005b6-2b89-489d-9995-d085a24512d8,1906,Barber Dimes,Barber Silver Dimes,P,US,Very Good,$26.95,Obverse only,None,no,https://storage.googleapis.com/numista-uploads-studio-9101802118-8c9a8/reference...,
ddb214f0-c93a-4c62-bd88-e841df64e8d5,1906,Barber Dimes,Barber Silver Dimes,D,US,Average Circulated,$21.75,Obverse only,None,no,https://storage.googleapis.com/numista-uploads-studio-9101802118-8c9a8/reference...,
ba3998ec-af88-4fa2-8ac4-a0336a69d57b,1906,Barber Series,Dime,D,US,Average Circulated,$21.75,Obverse only,None,no,https://storage.googleapis.com/numista-uploads-studio-9101802118-8c9a8/reference...,
d4f3734c-18d6-4701-a6c6-a91b558d673f,1906,Barber Series,Dime,Pending,US,Very Good,$26.95,Obverse only,None,no,https://storage.googleapis.com/numista-uploads-studio-9101802118-8c9a8/reference...,
2854ad97-ac57-4eb9-b2d1-b7f6ff2dd714,1906,Barber Silver Quarters,25 Cents,D,US,Ungraded,$26.00,Obverse only,None,no,https://storage.googleapis.com/numista-uploads-studio-9101802118-8c9a8/reference...,
6c3d9ef4-ed2a-4306-9fb0-b18ad2e30d97,1906,Barber Silver Quarters,25 Cents,,US,Ungraded,$26.00,Obverse only,None,no,https://storage.googleapis.com/numista-uploads-studio-9101802118-8c9a8/reference...,
ac9bbbda-620d-42af-b3b5-9bf78b23c6d2,1906,Barber Silver Quarters,25 Cents,O,US,Ungraded,$31.25,Obverse only,None,no,https://storage.googleapis.com/numista-uploads-studio-9101802118-8c9a8/reference...,
b4ed25aa-ce68-4fd5-a7d8-b4b997d144dd,1908,,,S,US,Very Good,$157.50,Obverse only,None,no,https://storage.googleapis.com/numista-uploads-studio-9101802118-8c9a8/reference...,
d9174e4b-b73b-4a2e-ac44-c9a0abc55ec0,1908,Barber Dimes,Barber Silver Dimes,P,US,Very Good,$26.95,Obverse only,None,no,https://storage.googleapis.com/numista-uploads-studio-9101802118-8c9a8/reference...,
e8736fe8-20ff-4313-a6f8-240580b16a9f,1908,Barber Dimes,Barber Silver Dimes,D,US,Very Good,$26.95,Obverse only,None,no,https://storage.googleapis.com/numista-uploads-studio-9101802118-8c9a8/reference...,
0ba688eb-107b-4f17-b2a9-d56bbed3a2b3,1908,Barber Quarters,25 Cents,S,US,Very Good,$95.00,Obverse only,None,no,https://storage.googleapis.com/numista-uploads-studio-9101802118-8c9a8/reference...,
45e34115-3d28-48d8-a1a9-5ff835a0c6d4,1908,Barber Series,Dime,D,US,Very Good,$26.95,Obverse only,None,no,https://storage.googleapis.com/numista-uploads-studio-9101802118-8c9a8/reference...,
ad6b1c19-c925-4e98-b12b-e19ba498244a,1908,Barber Series,Dime,Pending,US,Very Good,$26.95,Obverse only,None,no,https://storage.googleapis.com/numista-uploads-studio-9101802118-8c9a8/reference...,
e4730cc7-7518-4a94-b5c9-b3e2d5076236,1908,Barber Silver Quarters,25 Cents,,US,Very Good,$34.25,Obverse only,None,no,https://storage.googleapis.com/numista-uploads-studio-9101802118-8c9a8/reference...,
ec9c670a-0d4d-4b2c-95fd-0d0ab1d0b0d0,1908,Barber Silver Quarters,25 Cents,O,US,Good,$39.00,Obverse only,None,no,https://storage.googleapis.com/numista-uploads-studio-9101802118-8c9a8/reference...,
91a7135e-d1a7-42b6-a244-d6908dde8dab,1909,,,,US,Average Circulated,$40.50,Obverse only,None,no,https://storage.googleapis.com/numista-uploads-studio-9101802118-8c9a8/ai_genera...,
24c4cb97-aacd-42f2-8ec9-edcee04f6013,1909,Barber Dimes,Dime,P,US,Very Good,$26.95,Obverse only,None,no,https://storage.googleapis.com/numista-uploads-studio-9101802118-8c9a8/reference...,
68c7124a-404c-4c58-bcfb-df23cb634eee,1909,Barber Quarters,25 Cents,,US,Average Circulated,$28.00,Obverse only,None,no,https://storage.googleapis.com/numista-uploads-studio-9101802118-8c9a8/reference...,
8d16f208-b966-4e6b-a013-c0d362e63ed4,1909,Barber Series,Dime,Pending,US,Very Good,$26.95,Obverse only,None,no,https://storage.googleapis.com/numista-uploads-studio-9101802118-8c9a8/reference...,
c2f7c264-93df-46f6-9b65-2e631bd0e692,1909,Barber Silver Quarters,25 Cents,O,US,Ungraded,$76.00,Obverse only,None,no,https://storage.googleapis.com/numista-uploads-studio-9101802118-8c9a8/reference...,
dfc7bbbd-8a27-4b81-aa1c-8616b2780d31,1909,Barber Silver Quarters,25 Cents,S,US,AC,$35.25,Obverse only,None,no,https://storage.googleapis.com/numista-uploads-studio-9101802118-8c9a8/reference...,
ff28cde5-d91a-4a8f-8212-eb823a8ab319,1909,Barber Silver Quarters,25 Cents,D,US,Extremely Fine,$175.00,Obverse only,None,no,https://storage.googleapis.com/numista-uploads-studio-9101802118-8c9a8/reference...,
568e2764-5b9b-4093-9fee-61a44df017c3,1909,VDB,Penny,,US,Extremely Fine,$189.00,Obverse only,None,no,https://storage.googleapis.com/numista-uploads-studio-9101802118-8c9a8/reference...,
ff4f0635-3e6f-4ad8-8521-90419e6c6f07,1910,,Barber Silver Dime,,US,Good,$0.00,Obverse only,None,no,https://storage.googleapis.com/numista-uploads-studio-9101802118-8c9a8/reference...,
6be4f6df-c090-4e06-b972-f74ba1c11975,1910,Barber Dimes,Dime,D,US,Fine,$26.50,Obverse only,None,no,https://storage.googleapis.com/numista-uploads-studio-9101802118-8c9a8/reference...,
733a8c33-66d7-49bc-871d-42ae6b469f50,1910,Barber Dimes,Barber Silver Dimes,P,US,Very Good,$26.95,Obverse only,None,no,https://storage.googleapis.com/numista-uploads-studio-9101802118-8c9a8/reference...,
771039bc-e66e-49b7-b42d-e09aa8f195e8,1910,Barber Series,Dime,D,US,Fine,$26.50,Obverse only,None,no,https://storage.googleapis.com/numista-uploads-studio-9101802118-8c9a8/reference...,
eecc2c3c-3297-40ef-b068-53e2dc333bac,1910,Barber Series,Dime,Pending,US,Very Good,$26.95,Obverse only,None,no,https://storage.googleapis.com/numista-uploads-studio-9101802118-8c9a8/reference...,
773b5404-0bba-41a5-8ddc-11888b752ea6,1910,Barber Silver Quarters,25 Cents,O,US,Very Good,$40.00,Obverse only,None,no,https://storage.googleapis.com/numista-uploads-studio-9101802118-8c9a8/reference...,
09b67b4f-28ec-4c2f-ad22-e0a2d0c0b89f,1911,Barber Dimes,Barber Silver Dimes,P,US,Good,$16.00,Obverse only,None,no,https://storage.googleapis.com/numista-uploads-studio-9101802118-8c9a8/reference...,
3beb3978-b129-49d9-95e9-f085ba5f4122,1911,Barber Dimes,Barber Silver Dimes,D,US,Very Good,$18.00,Obverse only,None,no,https://storage.googleapis.com/numista-uploads-studio-9101802118-8c9a8/reference...,
8a42c290-5d18-44b1-8581-64faaa2de24b,1911,Barber Dimes,Dime,D,US,,$0.00,Obverse only,None,no,https://storage.googleapis.com/numista-uploads-studio-9101802118-8c9a8/reference...,
f0196f02-8321-4db8-b136-36624f366c11,1911,Barber Dimes,Barber Silver Dimes,S,US,Good,$24.50,Obverse only,None,no,https://storage.googleapis.com/numista-uploads-studio-9101802118-8c9a8/reference...,
46e801eb-b730-4548-862b-eef548c7e075,1911,Barber Series,Dime,D,US,Very Good,$18.00,Obverse only,None,no,https://storage.googleapis.com/numista-uploads-studio-9101802118-8c9a8/reference...,
9929ddcb-ab5e-43ca-a485-a28ddc6b8c81,1911,Barber Series,Dime,Pending,US,Good,$16.00,Obverse only,None,no,https://storage.googleapis.com/numista-uploads-studio-9101802118-8c9a8/reference...,
a0df3770-a74a-409d-8b9b-2e205332e1c2,1911,Barber Series,Dime,S,US,Good,$24.50,Obverse only,None,no,https://storage.googleapis.com/numista-uploads-studio-9101802118-8c9a8/reference...,
ae1d6fb4-5ec4-4dc7-ab72-811e52f51c94,1911,Barber Series,Dime,D,US,Pending,$0.00,Obverse only,None,no,https://storage.googleapis.com/numista-uploads-studio-9101802118-8c9a8/reference...,
09f9ae67-0a24-4f63-8ff7-ebfed3cd6eed,1911,Barber Silver Quarters,25 Cents,,US,Ungraded,$25.25,Obverse only,None,no,https://storage.googleapis.com/numista-uploads-studio-9101802118-8c9a8/reference...,
cf5fcec2-7116-4c6c-ab0a-fe5e9ec0b052,1911,Barber Silver Quarters,25 Cents,D,US,Very Good,$100.00,Obverse only,None,no,https://storage.googleapis.com/numista-uploads-studio-9101802118-8c9a8/reference...,
f6e02f4b-9bad-4208-a5bc-d5fff926ef58,1912,,Barber Silver Dime,D,US,Good,$0.00,Obverse only,None,no,https://storage.googleapis.com/numista-uploads-studio-9101802118-8c9a8/reference...,
025d67c8-4c84-4db5-baa4-d7a8e7fafc64,1912,Barber Dimes,Barber Silver Dimes,D,US,Good,$16.00,Obverse only,None,no,https://storage.googleapis.com/numista-uploads-studio-9101802118-8c9a8/reference...,
22f7b0bd-bbab-4659-b240-75d9f8c2156e,1912,Barber Dimes,Barber Silver Dimes,P,US,Very Good,$17.00,Obverse only,None,no,https://storage.googleapis.com/numista-uploads-studio-9101802118-8c9a8/reference...,
2c68f0d4-86af-42d1-862e-9907fe01a488,1912,Barber Dimes,Dime,S,US,Good,$22.95,Obverse only,None,no,https://storage.googleapis.com/numista-uploads-studio-9101802118-8c9a8/reference...,
dd525b4e-3c3c-4662-9f89-2e0a6441b27c,1912,Barber Dimes,Barber Silver Dimes,P,US,Average Circulated,$19.00,Obverse only,None,no,https://storage.googleapis.com/numista-uploads-studio-9101802118-8c9a8/reference...,
1450b3c7-8114-443d-8ee9-65f56acf403e,1912,Barber Series,Dime,S,US,Good,$22.95,Obverse only,None,no,https://storage.googleapis.com/numista-uploads-studio-9101802118-8c9a8/reference...,
8bb54867-4a88-4699-a280-21082917a3cd,1912,Barber Series,Dime,Pending,US,Average Circulated,$19.00,Obverse only,None,no,https://storage.googleapis.com/numista-uploads-studio-9101802118-8c9a8/reference...,
bd3a4947-d0d4-4b2c-b7c1-f6147704e9de,1912,Barber Series,Dime,Pending,US,Very Good,$17.00,Obverse only,None,no,https://storage.googleapis.com/numista-uploads-studio-9101802118-8c9a8/reference...,
ce438c54-ae59-40ec-8327-e98e3450f98d,1912,Barber Series,Dime,D,US,Good,$16.00,Obverse only,None,no,https://storage.googleapis.com/numista-uploads-studio-9101802118-8c9a8/reference...,
2e8b3129-2b53-4976-946d-445589aad881,1912,Barber Silver Quarters,25 Cents,,US,Very Good,$34.00,Obverse only,None,no,https://storage.googleapis.com/numista-uploads-studio-9101802118-8c9a8/reference...,
b1143405-6974-44e7-abf6-a5dfaa1e7655,1912,Barber Silver Quarters,25 Cents,S,US,Very Good,$50.00,Obverse only,None,no,https://storage.googleapis.com/numista-uploads-studio-9101802118-8c9a8/reference...,
2cb78b7e-871f-439e-bbc6-09d41790ab5b,1913,Barber Dimes,Barber Silver Dimes,P,US,Very Good,$14.95,Obverse only,None,no,https://storage.googleapis.com/numista-uploads-studio-9101802118-8c9a8/reference...,
ecd7c033-f1ec-4c33-8c97-8019612b984a,1913,Barber Dimes,Barber Silver Dimes,S,US,Fine,$267.00,Obverse only,None,no,https://storage.googleapis.com/numista-uploads-studio-9101802118-8c9a8/reference...,
39b03bc7-175f-4ad0-bab6-859ee90aa73d,1913,Barber Series,Dime,S,US,Fine,$267.00,Obverse only,None,no,https://storage.googleapis.com/numista-uploads-studio-9101802118-8c9a8/reference...,
3d8ab15e-b121-475e-85ea-6fff7588db75,1913,Barber Series,Dime,Pending,US,Very Good,$14.95,Obverse only,None,no,https://storage.googleapis.com/numista-uploads-studio-9101802118-8c9a8/reference...,
af52ee59-c3f9-439d-8e96-112bf0ee0ebc,1913,Barber Silver Quarters,25 Cents,D,US,Fine,$49.50,Obverse only,None,no,https://storage.googleapis.com/numista-uploads-studio-9101802118-8c9a8/reference...,
e05e80be-fc2e-4a93-9cef-d172376fdafa,1913,Barber Silver Quarters,25 Cents,S,US,G-4,$2350.00,Obverse only,None,no,https://storage.googleapis.com/numista-uploads-studio-9101802118-8c9a8/reference...,
ae83be8e-48fe-4bac-8824-29a606794d11,1914,,Barber Silver Dime,D,US,Good,$0.00,Obverse only,None,no,https://storage.googleapis.com/numista-uploads-studio-9101802118-8c9a8/reference...,
37757e3c-42d8-411a-aeed-6615db5a9f84,1914,Barber Dimes,Barber Silver Dimes,D,US,Very Good,$26.95,Obverse only,None,no,https://storage.googleapis.com/numista-uploads-studio-9101802118-8c9a8/reference...,
740a3560-421e-45ea-a580-2cba2aaad907,1914,Barber Dimes,Barber Silver Dimes,S,US,Very Good,$27.95,Obverse only,None,no,https://storage.googleapis.com/numista-uploads-studio-9101802118-8c9a8/reference...,
ee95f948-9d05-4d20-b767-925f6606683e,1914,Barber Dimes,Barber Silver Dimes,P,US,Fine,$28.95,Obverse only,None,no,https://storage.googleapis.com/numista-uploads-studio-9101802118-8c9a8/reference...,
0bb5b09e-67f3-4834-94e2-58922165d47f,1914,Barber Series,Dime,Pending,US,Fine,$28.95,Obverse only,None,no,https://storage.googleapis.com/numista-uploads-studio-9101802118-8c9a8/reference...,
53bf8c07-9617-49f6-bce7-a8501f3f5f24,1914,Barber Series,Dime,S,US,Very Good,$27.95,Obverse only,None,no,https://storage.googleapis.com/numista-uploads-studio-9101802118-8c9a8/reference...,
727637e4-b6e0-49b1-9723-bbcc3e00e135,1914,Barber Series,Dime,D,US,Very Good,$26.95,Obverse only,None,no,https://storage.googleapis.com/numista-uploads-studio-9101802118-8c9a8/reference...,
31e09259-47e9-4e39-83cf-7116eb3a98fa,1914,Barber Silver Quarters,25 Cents,,US,Very Good,$300.00,Obverse only,None,no,https://storage.googleapis.com/numista-uploads-studio-9101802118-8c9a8/reference...,
c361f9db-6fda-47e2-8e11-e9dc82edb238,1914,Barber Silver Quarters,25 Cents,S,US,Very Good,$350.00,Obverse only,None,no,https://storage.googleapis.com/numista-uploads-studio-9101802118-8c9a8/reference...,
0c9fc9c8-139f-4bf0-855f-b4c82aa796a5,1915,Barber Dimes,Dime,P,US,Very Good,$26.95,Obverse only,None,no,https://storage.googleapis.com/numista-uploads-studio-9101802118-8c9a8/reference...,
7a3827d0-27e0-4245-a3a1-94558f59f067,1915,Barber Dimes,Barber Silver Dimes,S,US,Very Good,$46.95,Obverse only,None,no,https://storage.googleapis.com/numista-uploads-studio-9101802118-8c9a8/reference...,
118a821c-54ba-4b99-8840-9e43ba2f2a5e,1915,Barber Series,Dime,S,US,Very Good,$46.95,Obverse only,None,no,https://storage.googleapis.com/numista-uploads-studio-9101802118-8c9a8/reference...,
b2ce5486-2d51-4a83-82ce-e539c7e191dc,1915,Barber Series,Dime,Pending,US,Very Good,$26.95,Obverse only,None,no,https://storage.googleapis.com/numista-uploads-studio-9101802118-8c9a8/reference...,
0ca1a5c8-7700-45db-bc45-1a9e4b7d5fe5,1915,Barber Silver Quarters,25 Cents,,US,Ungraded,$25.25,Obverse only,None,no,https://storage.googleapis.com/numista-uploads-studio-9101802118-8c9a8/reference...,
c6cd9df6-3913-433d-b899-0a2e406cdcff,1915,Barber Silver Quarters,25 Cents,D,US,Ungraded,$26.00,Obverse only,None,no,https://storage.googleapis.com/numista-uploads-studio-9101802118-8c9a8/reference...,
e55e44d7-dcd1-42a6-9340-2717cf1c0fad,1915,Barber Silver Quarters,25 Cents,S,US,Good,$75.00,Obverse only,None,no,https://storage.googleapis.com/numista-uploads-studio-9101802118-8c9a8/reference...,
c74b6c38-239f-4a7b-9dc4-7dca50951950,1923,,Nickel,,US,Average Circulated,$0.00,Obverse only,None,no,https://storage.googleapis.com/numista-uploads-studio-9101802118-8c9a8/reference...,
57802f50-bf3c-4105-b5e5-ab8398cf9aaf,1925,,Nickel,,US,Average Circ,$0.00,Obverse only,None,no,https://storage.googleapis.com/numista-uploads-studio-9101802118-8c9a8/reference...,
918fa741-bf52-4e1d-b55b-5728d5591aa3,1925,The U.S. Nickel Collection,Nickel,,US,Ungraded,$7.95,Obverse only,None,no,https://storage.googleapis.com/numista-uploads-studio-9101802118-8c9a8/reference...,
13a074b2-ce24-4f26-ad41-ca8eb651b627,1927,,Nickel,,US,Fine,$0.00,Obverse only,None,no,https://storage.googleapis.com/numista-uploads-studio-9101802118-8c9a8/reference...,
a4f93cf4-cb06-40f8-83cb-52a50401d7c7,1928,,Penny,D,US,Average Circ,$4.45,Obverse only,None,no,https://storage.googleapis.com/numista-uploads-studio-9101802118-8c9a8/reference...,
f1df1c2a-9094-4293-8dfe-1df7b7bdf4b6,1929,,Penny,D,US,Average Circ,$3.60,Obverse only,None,no,https://storage.googleapis.com/numista-uploads-studio-9101802118-8c9a8/reference...,
0f60961c-e8ef-4313-80d5-5b6c3e421326,1934,Time Capsule Year Set,5-Coin Set,,US,Circulated,$138.00,Obverse only,None,no,https://storage.googleapis.com/numista-uploads-studio-9101802118-8c9a8/ai_genera...,
84af62f7-8d73-49f1-a527-da0b71edc323,1935,America Revisited Selection Year Set,5-Coin Year Set,,US,Circulated,$102.00,Obverse only,None,no,https://storage.googleapis.com/numista-uploads-studio-9101802118-8c9a8/reference...,
be4cd764-bef8-44c8-a722-ecc8755cca78,1935,Time Capsule Year Set,Mixed US Coin Set,,US,Circulated,$102.00,Obverse only,None,no,https://storage.googleapis.com/numista-uploads-studio-9101802118-8c9a8/ai_genera...,
84a369ce-0147-45a1-9e33-25ec1cad4154,1936,,Nickel,S,US,Average Circ,$6.25,Obverse only,None,no,https://storage.googleapis.com/numista-uploads-studio-9101802118-8c9a8/reference...,
d398c7fe-b1e4-4abf-9285-7d7943538445,1936,,Quarter,,US,Average Circ,$0.00,Obverse only,None,no,https://storage.googleapis.com/numista-uploads-studio-9101802118-8c9a8/reference...,
fcc072f1-7848-49bc-9912-9a0542897c05,1936,Time Capsule Year Set,5-Coin Set,,US,Circulated,$101.00,Obverse only,None,no,https://storage.googleapis.com/numista-uploads-studio-9101802118-8c9a8/reference...,
f4db515b-c4d0-4c2a-8bbe-2072b091fa67,1937,Time Capsule Year Set,5-Coin Set,,US,Circulated,$131.00,Obverse only,None,no,https://storage.googleapis.com/numista-uploads-studio-9101802118-8c9a8/ai_genera...,
7cfa382c-a94a-4ce3-a5e9-9649722470eb,1938,,Capped Bust Silver Quarter,,US,Fine,$270.00,Obverse only,None,no,https://storage.googleapis.com/numista-uploads-studio-9101802118-8c9a8/reference...,
42fa434c-53a9-4fd1-ab89-93b4e8ddb8eb,1938,Time Capsule Year Set,5-Coin Set,,US,Circulated,$179.00,Obverse only,None,no,https://storage.googleapis.com/numista-uploads-studio-9101802118-8c9a8/ai_genera...,
923fd8b8-e61d-4158-b369-8c95ac22cb01,1939,America Revisited Club; Time Capsule Year Set,,,US,Circulated,$103.00,Obverse only,None,no,https://storage.googleapis.com/numista-uploads-studio-9101802118-8c9a8/reference...,
0b25974f-ad87-4ad5-bf38-e4562d568dcc,1942,,Dime,D,US,Extremely Fine,$18.20,Obverse only,None,no,https://storage.googleapis.com/numista-uploads-studio-9101802118-8c9a8/reference...,
72198219-01aa-42fa-a090-8fb11f6d11c3,1942,America Revisited Selection Year Set,5-Coin Year Set,,US,Circulated,$99.00,Obverse only,None,no,https://storage.googleapis.com/numista-uploads-studio-9101802118-8c9a8/reference...,
708a25f4-5cfc-46cd-a416-13adea5bedd0,1942,Time Capsule Year Set,Mixed US Coin Set,,US,Circulated,$99.00,Obverse only,None,no,https://storage.googleapis.com/numista-uploads-studio-9101802118-8c9a8/ai_genera...,
68fded5b-50cb-4c72-a154-ffcf6a2d9b0d,1944,,Quarter,,US,Average Circ,$0.00,Obverse only,None,no,https://storage.googleapis.com/numista-uploads-studio-9101802118-8c9a8/reference...,
e071e851-d1cc-46bb-bcc4-f9fc09cb2140,1946,,Quarter,,US,Average Circ,$0.00,Obverse only,None,no,https://storage.googleapis.com/numista-uploads-studio-9101802118-8c9a8/reference...,
adc9ee72-8610-4542-a6e9-89079406b2b5,1946,"America Revisited Selection, Time Capsule Year Set",5-Coin Set,,US,Circulated,$99.00,Obverse only,None,no,https://storage.googleapis.com/numista-uploads-studio-9101802118-8c9a8/reference...,
8e8e83c8-95ea-419e-ab8d-cad097510582,1947,,Nickel,,US,Average Circulated,$2.25,Obverse only,None,no,https://storage.googleapis.com/numista-uploads-studio-9101802118-8c9a8/reference...,
6bf7abab-c930-488d-9287-a69f8125f523,1948,,Nickel,,US,Average Circulated,$2.25,Obverse only,None,no,https://storage.googleapis.com/numista-uploads-studio-9101802118-8c9a8/reference...,
971d8efe-f4db-42f6-bce4-416777f9d313,1948,,Quarter,,US,Average Circ,$0.00,Obverse only,None,no,https://storage.googleapis.com/numista-uploads-studio-9101802118-8c9a8/reference...,
78e6773b-cf88-41bf-842c-5930b402bcae,1948,Time Capsule Year Set,5-Coin Set,,US,Circulated,$170.00,Obverse only,None,no,https://storage.googleapis.com/numista-uploads-studio-9101802118-8c9a8/ai_genera...,
cebc87cb-147b-4cc3-b652-26e4b563abc1,1949,America Revisited Selection: Time Capsule Year Set,Assorted US Coins,,US,Circulated,$112.00,Obverse only,None,no,https://storage.googleapis.com/numista-uploads-studio-9101802118-8c9a8/reference...,
ec9e9bad-452a-4698-97d2-f0f9fc636a52,1949,Time Capsule Year Set,Mixed US Coin Set,,US,Circulated,$112.00,Obverse only,None,no,https://storage.googleapis.com/numista-uploads-studio-9101802118-8c9a8/reference...,
f34563ff-46c3-40f3-a9d6-97f03e75dcba,1950,,Nickel,D,US,Uncirculated,$45.95,Obverse only,None,no,https://storage.googleapis.com/numista-uploads-studio-9101802118-8c9a8/reference...,
e693a6cc-c32a-41e4-a720-771b478c2471,1950,Time Capsule Year Set,5-Coin Set,,US,Circulated,$167.00,Obverse only,None,no,https://storage.googleapis.com/numista-uploads-studio-9101802118-8c9a8/ai_genera...,
4b438eca-39de-442e-abe9-017d58bc65f4,1951,Time Capsule Year Set,5-Coin Set,,US,Circulated,$135.00,Obverse only,None,no,https://storage.googleapis.com/numista-uploads-studio-9101802118-8c9a8/ai_genera...,
d925cb06-a008-4576-964e-50dee59c45fa,1953,America Revisited Selection: Time Capsule Year Set,Assorted US Coins,,US,Circulated,$96.00,Obverse only,None,no,https://storage.googleapis.com/numista-uploads-studio-9101802118-8c9a8/reference...,
94d79283-e765-4513-af62-ac6316fe9107,1953,Time Capsule Year Set,Mixed US Coin Set,,US,Circulated,$96.00,Obverse only,None,no,https://storage.googleapis.com/numista-uploads-studio-9101802118-8c9a8/ai_genera...,
6e01950e-b77b-4af9-a60e-5e62f8199dd5,1954,,Nickel,D,US,Circulated,$2.25,Obverse only,None,no,https://storage.googleapis.com/numista-uploads-studio-9101802118-8c9a8/reference...,
d76d075c-4ef4-4083-a41e-6a85d477ddf8,1954,,Nickel,,US,Average Circ,$1.80,Obverse only,None,no,https://storage.googleapis.com/numista-uploads-studio-9101802118-8c9a8/reference...,
74c4aede-d8fa-42ce-bcf4-b838f1829e09,1954,America Revisited Club; Time Capsule Year Set,,,US,Circulated,$94.50,Obverse only,None,no,https://storage.googleapis.com/numista-uploads-studio-9101802118-8c9a8/reference...,
f53a7f5a-a2e6-4e8a-afa8-f4844071e9ef,1955,Time Capsule Year Set,5-Coin Set,,US,Circulated,$185.00,Obverse only,None,no,https://storage.googleapis.com/numista-uploads-studio-9101802118-8c9a8/ai_genera...,
498fb5a4-54d5-4aad-b945-250b1d90c7df,1956,Time Capsule Year Set,5-Coin Set,,US,Circulated,$132.00,Obverse only,None,no,https://storage.googleapis.com/numista-uploads-studio-9101802118-8c9a8/ai_genera...,
faab7924-6ba6-4bc9-9a23-ecb30a308a49,1957,,Quarter,,US,Average Circulated,$0.00,Obverse only,None,no,https://storage.googleapis.com/numista-uploads-studio-9101802118-8c9a8/kaggle/mi...,
5f9b1232-e3fa-4661-95d6-916d9691b090,1958,,Quarter,D,US,Average Circulated,$0.00,Obverse only,None,no,https://storage.googleapis.com/numista-uploads-studio-9101802118-8c9a8/reference...,
17a4d23a-55d7-4cd9-b848-ec8bf6c2d3b8,1958,America Revisited Selection: Time Capsule Year Set,Assorted US Coins,,US,Circulated,$94.50,Obverse only,None,no,https://storage.googleapis.com/numista-uploads-studio-9101802118-8c9a8/reference...,
0f8cfb3d-72a4-4b74-b3cf-947e657ddcda,1958,Time Capsule Year Set,Mixed US Coin Set,,US,Circulated,$94.50,Obverse only,None,no,https://storage.googleapis.com/numista-uploads-studio-9101802118-8c9a8/ai_genera...,
65ebc1f3-be68-488c-857c-2b8ba4cddc76,1959,,Quarter,D,US,Average Circulated,$0.00,Obverse only,None,no,https://storage.googleapis.com/numista-uploads-studio-9101802118-8c9a8/reference...,
53085375-edb5-4a6c-a3b7-855902d54871,1960,America Revisited Selection: Time Capsule Year Set,Assorted US Coins,,US,Circulated,$93.00,Obverse only,None,no,https://storage.googleapis.com/numista-uploads-studio-9101802118-8c9a8/reference...,
8dce0b7a-e303-41c3-b449-ffadf818cc9e,1960,Time Capsule Year Set,Mixed US Coin Set,,US,Circulated,$93.00,Obverse only,None,no,https://storage.googleapis.com/numista-uploads-studio-9101802118-8c9a8/ai_genera...,
882bd16b-8e35-4317-b0ac-9ac3e183cb3f,1961,Time Capsule Year Set,5-Coin Set,,US,Circulated,$91.50,Obverse only,None,no,https://storage.googleapis.com/numista-uploads-studio-9101802118-8c9a8/ai_genera...,
6da80064-a092-43ba-9ae7-74802ee6c7f1,1963,Time Capsule Year Set,5-Coin Set,,US,Circulated,$91.50,Obverse only,None,no,https://storage.googleapis.com/numista-uploads-studio-9101802118-8c9a8/ai_genera...,
78c1dccc-095e-4538-9893-2d4ad7dd5126,1964,,Nickel,,US,Average Circulated,$1.80,Obverse only,None,no,https://storage.googleapis.com/numista-uploads-studio-9101802118-8c9a8/reference...,
c4822c01-ae7f-4de6-b345-9a756dbb3e9e,1964,Time Capsule Year Set,,,US,Circulated,$29.95,Obverse only,None,no,https://storage.googleapis.com/numista-uploads-studio-9101802118-8c9a8/ai_genera...,
5cf1f98e-e04b-4669-a4b4-a1be6bc81d64,1969,,Dime,,US,Uncirculated,$6.05,Obverse only,None,no,https://storage.googleapis.com/numista-uploads-studio-9101802118-8c9a8/reference...,
0adb6a72-ba33-4843-8ee1-14422217f0d6,1973,,Dollar,S,US,Uncirculated,$0.00,Obverse only,None,no,https://storage.googleapis.com/numista-uploads-studio-9101802118-8c9a8/reference...,
abee58e3-c5ce-446f-acc6-9296c734d585,1974,,Dollar,S,US,Ch Proof-63,$0.00,Obverse only,None,no,https://storage.googleapis.com/numista-uploads-studio-9101802118-8c9a8/reference...,
d934aa4b-ff9d-4b2d-a07b-c13b0ba5fc5b,1975,The U.S. Nickel Collection,Nickel,,US,Ungraded,$7.95,Obverse only,None,no,https://storage.googleapis.com/numista-uploads-studio-9101802118-8c9a8/reference...,
f393a590-04d5-4e8f-b72c-08ba11b770f4,1978,,Dollar,,US,Uncirculated,$18.00,Obverse only,None,no,https://storage.googleapis.com/numista-uploads-studio-9101802118-8c9a8/reference...,
53595b63-0b7c-4715-9c24-e324de3aeb17,1983,Clad Proof Set,Mixed (Proof Set),S,US,Ch Proof-63,$0.00,Obverse only,None,no,https://storage.googleapis.com/numista-uploads-studio-9101802118-8c9a8/reference...,
103e01b4-4960-424c-aed9-1ebbb5682b37,1989,,$1,W,US,PCGS PR70DCAM,2677.33,Obverse only,None,no,https://storage.googleapis.com/numista-uploads-studio-9101802118-8c9a8/ai_genera...,
fe1f97a1-179b-47f2-9b43-efa03b2b79a0,1993,The U.S. Nickel Collection,Nickel,,US,Ungraded,$7.95,Obverse only,None,no,https://storage.googleapis.com/numista-uploads-studio-9101802118-8c9a8/reference...,
37bda890-269b-4fe7-9126-ceaddbfdf395,1998,The U.S. Nickel Collection,Nickel,,US,Ungraded,$7.95,Obverse only,None,no,https://storage.googleapis.com/numista-uploads-studio-9101802118-8c9a8/reference...,
860d27c3-1f28-4535-9a27-a65fd351b1d3,2022,American Women Quarters,Quarter,D,US,Uncirculated,$1.00,Obverse only,Obverse only,no,https://storage.googleapis.com/numista-uploads-studio-9101802118-8c9a8/reference...,
90b54e2d-0af8-4c49-8a6c-b4f218d49c42,2022,American Women Quarters,Quarter,D,US,Uncirculated,$1.00,Obverse only,Obverse only,no,https://storage.googleapis.com/numista-uploads-studio-9101802118-8c9a8/reference...,
d937d55d-b753-431f-b01a-bfc8c49a2105,2022,American Women Quarters,Quarter,P,US,Uncirculated,$1.00,Obverse only,Obverse only,no,https://storage.googleapis.com/numista-uploads-studio-9101802118-8c9a8/reference...,
dcd18f4f-bfbe-49b2-96a9-aca62e5846bc,2022,American Women Quarters,Quarter,S,US,Proof-63,$25.75,Obverse only,Obverse only,no,https://storage.googleapis.com/numista-uploads-studio-9101802118-8c9a8/reference...,
5598b11b-aca8-4242-94e7-9a3964243e7f,2022,U.S. Women's Quarters,Quarter,S,US,Proof-63,$25.75,Obverse only,None,no,https://storage.googleapis.com/numista-uploads-studio-9101802118-8c9a8/reference...,
09cee99a-e846-4abc-9b76-4434f89e8929,2022,US Women's Quarters,Quarter,P,US,Uncirculated,$1.00,Obverse only,None,no,https://storage.googleapis.com/numista-uploads-studio-9101802118-8c9a8/reference...,
325680d6-cf8d-40ad-9067-12ba64e34cf8,2022,US Women's Quarters,Quarter,S,US,Proof-63,$25.75,Obverse only,None,no,https://storage.googleapis.com/numista-uploads-studio-9101802118-8c9a8/reference...,
d1e31a66-103d-489d-b536-5c9fd14ad8e5,2022,US Women's Quarters,Quarter,S,US,Proof-63,$7.75,Obverse only,None,no,https://storage.googleapis.com/numista-uploads-studio-9101802118-8c9a8/reference...,
164dd6b9-e049-4856-9aec-acf21b7500bf,2023,American Women Quarters,Washington Quarter,S,USA,Proof-63,$0.00,None,Both,no,,
1dec046e-52bf-42f8-8d3c-f08c8263c63f,2023,American Women Quarters,Washington Quarter,S,United States,Ch Proof-63,$0.00,None,Both,no,,
32c862a4-a4ce-4501-8305-848320b0081f,2023,American Women Quarters,Washington Quarter,S,USA,Proof-63,$0.00,None,Both,no,,
33b72c4a-030e-4f53-9bb6-db18c380716a,2023,American Women Quarters,Washington Quarter,S,USA,Proof-63,$0.00,None,Both,no,,
6c442551-200a-490c-ba0e-457572ae7c9a,2023,American Women Quarters,Washington Quarter,S,USA,Proof-63,$0.00,None,Both,no,,
86d48b2f-1066-46eb-8b51-01a982bef40b,2023,American Women Quarters,Washington Quarter,S,United States,Ch Proof-63,$0.00,None,Both,no,,
8ded18a3-50ce-457f-9d4d-354d63990a98,2023,American Women Quarters,Washington Quarter,S,USA,Proof-63,$0.00,None,Both,no,,
9a450d35-cca8-4e9d-b812-c8e5cae9b0b2,2023,American Women Quarters,Washington Quarter,S,USA,Proof-63,$0.00,None,Both,no,,
a30614b8-2b63-4e2d-84ba-7325a0a34305,2023,American Women Quarters,Washington Quarter,S,United States,Ch Proof-63,$0.00,None,Both,no,,
a34ce55b-846c-4b8b-a035-e2b66ed557f7,2023,American Women Quarters,Washington Quarter,S,United States,Ch Proof-63,$0.00,None,Both,no,,
c731f144-73a5-4048-bf57-7e191a547153,2023,American Women Quarters,Washington Quarter,S,USA,Proof-63,$0.00,None,Both,no,,
d9797ec2-5c2a-43e7-9af2-25feb6ba605d,2023,American Women Quarters,Washington Quarter,S,USA,Proof-63,$0.00,None,Both,no,,
e3af3be5-2c6c-4033-8dae-46fe13ea9fd8,2023,American Women Quarters,Washington Quarter,S,USA,Proof-63,$0.00,None,Both,no,,
e63bb5b7-e2ea-4ce7-846d-fbecb4ba88a2,2023,American Women Quarters,Washington Quarter,S,United States,Ch Proof-63,$0.00,None,Both,no,,
ec9e51e5-050e-4cd8-bbde-5836021a9f30,2023,American Women Quarters,Washington Quarter,S,USA,Proof-63,$0.00,None,Both,no,,
1339742c-737f-47d7-853b-50c2dc95b76b,2024,American Women Quarters,Washington Quarter,S,USA,Proof-63,$0.00,None,Obverse only,no,,
1bf11658-89d5-4e76-b691-5a0514425f2d,2024,American Women Quarters,Washington Quarter,S,United States,Ch Proof-63,$0.00,None,Obverse only,no,,
259f5738-ba14-4987-ac71-8869f78bb5d2,2024,American Women Quarters,Washington Quarter,P,United States,Uncirculated,$0.00,None,Obverse only,no,,
380064e6-44e3-49cc-83c2-3f00ef525a69,2024,American Women Quarters,Washington Quarter,S,USA,Proof-63,$0.00,None,Obverse only,no,,
45854b50-a3bc-431b-928b-fc92420b0644,2024,American Women Quarters,Washington Quarter,S,United States,Ch Proof-63,$0.00,None,Obverse only,no,,
59ba65c4-fc37-4aeb-bcab-a9dcea74b1d2,2024,American Women Quarters,Washington Quarter,S,USA,Proof-63,$0.00,None,Obverse only,no,,
65bce2a8-4509-4e41-b103-62bd1a64a634,2024,American Women Quarters,Washington Quarter,S,United States,Ch Proof-63,$0.00,None,Obverse only,no,,
6da29950-10fb-42b8-b8ae-6e0896170004,2024,American Women Quarters,Washington Quarter,D,USA,Uncirculated,$0.00,None,Obverse only,no,,
75631af9-903f-43fc-8708-46f027a1afc0,2024,American Women Quarters,Washington Quarter,S,USA,Proof-63,$0.00,None,Obverse only,no,,
75748608-aff4-4b82-bbec-f842294fcc2a,2024,American Women Quarters,Washington Quarter,D,USA,Uncirculated,$0.00,None,Obverse only,no,,
987e1aad-b8c0-4ef3-80a9-c40a4d483065,2024,American Women Quarters,Washington Quarter,P,USA,Uncirculated,$0.00,None,Obverse only,no,,
9f1d0319-1267-453a-a2bc-f94c59d41118,2024,American Women Quarters,Washington Quarter,D,United States,Uncirculated,$0.00,None,Obverse only,no,,
9f51e0a1-a7d2-4de4-89c0-89633abcf24e,2024,American Women Quarters,Washington Quarter,S,USA,Proof-63,$0.00,None,Obverse only,no,,
be83a83f-f21a-4533-bdc7-64f4a0452e0d,2024,American Women Quarters,Washington Quarter,S,USA,Proof-63,$0.00,None,Obverse only,no,,
ce446654-0cbb-4736-a730-04f5488f98ae,2024,American Women Quarters,Washington Quarter,S,United States,Ch Proof-63,$0.00,None,Obverse only,no,,
df84b4ed-5802-4e80-9119-3ba68a6b9f2e,2024,American Women Quarters,Washington Quarter,S,USA,Proof-63,$0.00,None,Obverse only,no,,
dfcc44ff-585e-405d-aec4-442211ad1abf,2024,American Women Quarters,Washington Quarter,P,USA,Uncirculated,$0.00,None,Obverse only,no,,
e428e26c-3915-48c1-b061-2172eb296a0e,2024,American Women Quarters,Washington Quarter,S,United States,Ch Proof-63,$0.00,None,Obverse only,no,,
e8ee38b9-871b-4562-85af-05eae7cf827c,2024,American Women Quarters,Washington Quarter,S,USA,Proof-63,$0.00,None,Obverse only,no,,
effecf13-03c9-4a17-896c-3d4c311e68e2,2024,American Women Quarters,Washington Quarter,S,USA,Proof-63,$0.00,None,Obverse only,no,,
f9089b68-bf65-482a-b1bd-66ef105327a6,2024,American Women Quarters,Washington Quarter,S,USA,Proof-63,$0.00,None,Obverse only,no,,
216a48f3-cf16-4e8a-98d4-820c45e6f93f,Pending,Barber Series,Dime,Pending,US,Fine,$235.00,Obverse only,None,no,https://storage.googleapis.com/numista-uploads-studio-9101802118-8c9a8/reference...,
6c85bfc0-32d2-4472-ab8b-36afde6eeb38,Year,Barber Dimes,Barber Silver Dimes,Letter,US,Fine,$235.00,Obverse only,None,no,https://storage.googleapis.com/numista-uploads-studio-9101802118-8c9a8/reference...,
e5a28f71-fbed-420e-bbd5-6e3a75ee3667,multiple,Wheat Cents,1 cent,,USA,Ungraded,49.95,Obverse only,None,no,https://storage.googleapis.com/numista-uploads-studio-9101802118-8c9a8/reference...,
