doc_id,type_label,type_key,denom,year,description,series,status
92fe14e6-968e-456c-a80e-b8c40d5b2325,,other,,,"W-CT- 250 CT Nank of NewEngland Uncut sheet 1,1,2,5 USO 20",,BLANK
51617d29-1663-49cb-ac07-d37d01fc8dab,,other,,1776,2 Continental Currency,,BLANK
bf35ce79-068d-4d96-8b49-70efed55acdc,,other,,1850's,#3 West River Bank Vermont Note Jamaica,,BLANK
f4aa820a-2f49-484e-987b-98fbc2a83188,,other,,1850-60's,7 note set West Riverbank Jamaica VT,,BLANK
bb777fe7-7a21-49dd-aea3-77cbf34ef035,,other,,1864,50 Conferate Note,,BLANK
396a98c6-24d0-4208-b348-c13498690c49,,other,,1886,ilver Certificate Large Size,,BLANK
d9d96ac1-417b-4088-96ea-7aa1f39aea10,,other,,1963,#2 Leal Tender Star Note,,BLANK
8dd18743-92d4-4843-a98a-9c4b0b5e4281,,other,$1,1850's-1860's,"The West River Bank Jamaica Vermont Uncut sheet of 4 ($1, $2, $3, & $5)",,BLANK
ae619cb4-d90b-4bbd-9e63-56d90f24e5d7,,other,$1,1860,$1 Bank of America State of Rhode Island W_RI-820-001-00108,,BLANK
5aa08b79-11af-4fda-b36f-3d3add60886d,,other,$1,1899,$1 Silver Cerificate Large Size Eagle,,BLANK
6253c998-455f-4f21-9d5e-b9a852edd01f,,other,$1,1899,$1 Siver Certificate Eagle Large Size Star Note,,BLANK
673c2847-1ed3-4406-b29e-a8637fd7512a,,silver_certificate,$1,1899,$1silver certificate large size Eagle,,BLANK
12df0fc6-5194-4c7b-8b62-4bea1efb25c4,,other,$1,1899-1918,$1 large size note starter set,,BLANK
d7833c80-d073-4949-94bc-c4d535d86107,,other,$1,1923,$1 Silver Cerificate Large Size,,BLANK
6a1c2e6d-08b4-4782-9862-f12a2f6110ab,,federal_reserve_note,$1,1963A,$1Federal Reserve Note,,BLANK
b448cf38-44d7-4541-a32b-ac378c67c185,,other,$1,1963A,$1 Fedreral Reserve Note,,BLANK
5db38a87-41d9-45fb-a5c8-c5b8c0436672,,federal_reserve_note,$1,1969A,$1Federal Reserve Note,,BLANK
73ea66b9-1630-4572-bbce-5242c0c86389,,federal_reserve_note,$1,1969B,$1Federal Reserve Note,,BLANK
cb217e2d-811f-48ca-87be-559b82694809,,other,$1,1969B,$1 federal reservve note,,BLANK
f4189966-2354-4e73-9d3c-f67cd095b365,,other,$1,1969B,$1 Ferderal Reserve Note,,BLANK
ffb71e8c-3646-4d9e-b468-2d01b8d929d1,,other,$1,1969B,$1 federal reservve note,,BLANK
a8433dfe-cdef-4e97-ac88-97a27e592676,,other,$1,1969D,$1 Ferderal Reserve Note,,BLANK
425e75fa-21a2-413f-aa8b-e0ac6e7b4c09,,federal_reserve_note,$1,1988A,$1Federal Reserve Note,,BLANK
59f0965f-0126-463f-a86b-ad5b847fbd8f,,federal_reserve_note,$1,1993,$1Federal Reserve Note,,BLANK
14e86a13-2b34-431c-83ec-f67d97e47ef9,,other,$1,1999,$1 Ferderal Reserve Star Note,,BLANK
eb22cb95-582b-4a94-b78e-6d81ae7cb4a8,,other,$1,1999,$1 Federl Reserve Note 4 Subject Sheet with Withrow Courtsey Autograph,,BLANK
5d4f37e3-026b-4af1-8c0d-e841fd64c08b,,other,$1,19th Century,"Union County Bank of Plainfield NJ (2) $1, $2, $3 uncut sgeet of 4",,BLANK
72b536b4-f6da-4ce5-bb67-d83ab14d0578,,other,$1,19th century,State Bank of New Brunswick $1 Uncut sheet of 4,,BLANK
0d686842-1033-4755-a635-c0317f2c1e0d,,federal_reserve_note,$1,2003A,$1Federal Reserve Star Note,,BLANK
b79e9dcb-5626-44ce-a69d-0474e02faea1,,other,$1,2003A,$1 Ferderal Reserve Star Note,,BLANK
848ec127-f51c-4870-b438-5e468bf5168f,,other,$10,1800's,$10 canal Bank New Orleans Note with Bank,,BLANK
b0efe82b-310a-4286-b5ef-73084dd0bcbf,,other,$10,1865,$10 State of Georgia Note From Milledgeville,,BLANK
0e9eeec8-dfc5-418c-afc3-597898ff7652,,other,$2,1861,$2 New Orleans Jackson and Great Northern RR Co W-LA 380-002-G050,,BLANK
3b8f8399-1d73-42f7-882e-d540b977ac0f,,other,$20,1864,$20 Confedwrate Note,,BLANK
2ba8c63d-566a-424f-8616-15af3dc51390,,other,$40,1778,$40 continental currency,,BLANK
1bff68c9-9147-4254-84e1-7e2dd743a18a,,other,$5,1847-1850's,$5 Falls Village Connecticut Iron Bank (CT120G8),,BLANK
64182a73-681a-4d78-ab37-1af82e70e44b,,other,$5,1850's-1860's,$5 Falls Village Connecticut Iton Bank (CT120G10C),,BLANK
39e15347-e2eb-4af6-a621-fa3650e9dbe4,,other,$5,1850's-1960's,"$5, $10, and $20  Farmer's Bank of Kentucky three note set",,BLANK
6d74462d-36de-45fb-bb15-cfac379602ec,,other,$5,"1880""s",$5 State of Louisiana Single Bond with red serial number,,BLANK
a4619e29-fd5c-4e2e-812b-b26d57288f21,,other,$5,1914,$5 Federal Rserve Note,,BLANK
21131bc4-b62d-4243-8fdb-e3155aeefbb7,,other,$5,1928B,$5 egal Tender Note,,BLANK
793b8f3e-115e-4f9b-a70f-7c0a311c2e2e,,other,$5,1953B,$5Legal Tender Note,,BLANK
dfea2ebd-8b66-43c8-a21a-02cc02b6aa64,,other,$5,1953C,$5Legal Tender Note,,BLANK
727a1c07-4b0f-46c0-81e7-9123bf8a44ff,,other,5,1862-1869,5c Gractional currency,,BLANK
c0f11f40-29a8-4503-908a-5ba0d269e2c0,,other,$1,1830's,$1 Bamk of Windsor Vermont PMG,,NO_REV
8a457305-0b05-4766-be46-f8aa48e8cc41,,other,$10,1850's-1860's,$10 Falls Village Iton Bank (CT120G14C) PMG EDQ63,,NO_REV
0f2da1a0-1152-45bc-9eba-cae06f0f4a88,,other,$1000,,$1000 3rd Bank of the United States PMG New York Tear Repair Previously Mounted,,NO_REV
0449a33d-a22e-4018-8a79-5ad1b8a7e128,,other,$5,1880,$5 Legal TenderNote large size PMG,,NO_REV
df2e6ec8-ca64-4930-afaa-76c7a55e38a4,,other,$500,,$500 3rd Bank of the United States Philadelphia PA Haxby 3 PCGS,,NO_REV
30e04d0e-972c-4d2e-815b-ae4fcd6b24f2,Bank Note,other,$1,,$1 Farmers Bank of Bucks County Bank Note Hulmeville PA (181-Teen's),,BLANK
5c7a805d-ca39-4cd1-95d9-110fbe46c100,Bank Note,other,$10,1929,$10 Fereral Reserve Bank Note,,BLANK
38f79268-6312-4e7b-9080-7f146190c0fc,Confederate,confederate,$2,1862,$2 Confederate Note,,NO_REV
433f9c5d-223d-4ba4-b6b7-df2be99957f0,Error Note,other,$5,1907,"$5 Ledal Tender Note ""PCBLIC"" Engraving error Reverse",,BLANK
ab4c04f3-692c-4d86-8cf7-474b327aa7e7,Federal Reserve Bank Note,federal_reserve_note,$1,1918,$1 Federal Reserve Bank Note Large Size,,NO_REV
ba8b6759-f931-46d6-acc8-f979d167b0e4,Federal Reserve Bank Note,federal_reserve_note,$1,1918,$1 Federal Reserve Bank Note Large size PMG EPQ 65,,NO_REV
e1e2921b-55fe-480f-9206-d1d7190bc0c4,Federal Reserve Bank Note,federal_reserve_note,$1,1918,$1 Federal Reserve Bank Note large size PCGS PPQ35,,NO_REV
0e6e757c-8579-435f-ba6f-1f1e6c05412b,Federal Reserve Bank Note,federal_reserve_note,$20,1929,$20 Federal Reserve Bank Note,,NO_REV
1a430eea-6a15-4e9a-9515-b67e7860c328,Federal Reserve Bank Note,federal_reserve_note,$20,1929,$20 Federal Reserve Bank Note,,NO_REV
6004dcd6-634e-4cc0-ba5e-41542ae84226,Federal Reserve Bank Note,federal_reserve_note,$20,1929,$20 Federal Reserve Bank Note,,NO_REV
5c213b63-dceb-4ed7-95b0-7d34c7a88b8b,Federal Reserve Bank Note,federal_reserve_note,$5,1929,$5 Federal Reserve Bank Note,,NO_REV
3cb72c6a-9ca1-40a6-aab3-9fbbe4cfdf1a,Federal Reserve Note,federal_reserve_note,$10,1934,$10 Federal Reserve Note,,BLANK
382cf23c-b60d-4bff-8b1e-f0f96b1b1c60,Federal Reserve Note,federal_reserve_note,$10,1934A,$10 Federal Reserve Note,,BLANK
a22becee-0cbd-459b-a3c1-cf8e321d9707,Federal Reserve Note,federal_reserve_note,$10,1934A,$10 Federal Reserve Note,,BLANK
c8222810-d0aa-4e23-9ed7-fe3b246bf00f,Federal Reserve Note,federal_reserve_note,$10,1934A,$10 Federal Reserve Note Hawaii,,BLANK
f30166f8-3f2c-4177-9050-79262b0d8f13,Federal Reserve Note,federal_reserve_note,$10,1934C,$10 Federal Reserve Note,,BLANK
498b1b5f-45e3-42c5-be38-4cbc3efea64d,Federal Reserve Note,federal_reserve_note,$10,1950C,$10 Federal Reserve Note,,BLANK
18f617df-fd26-4eac-a5e6-02c38c3550c8,Federal Reserve Note,federal_reserve_note,$10,1999,$10 Federal Reserve Star Note,,BLANK
16012432-73c3-4fa6-957b-2e45adade209,Federal Reserve Note,federal_reserve_note,$100,1934,$100 Federal Reserve Note,,BLANK
858bd0d0-3c85-468c-9644-87d89aa75e0e,Federal Reserve Note,federal_reserve_note,$2,1978,$2 federal reserve Note,,BLANK
b4ab6acc-0e3d-4fbe-9fa1-7a657b05686b,Federal Reserve Note,federal_reserve_note,$2,1995,$2 Federal Reserve Note with courtsey signed Mary Ellen Withrow Autograph (FR1936F),,BLANK
f6b100d2-d353-488a-9fbb-486177e300cf,Federal Reserve Note,federal_reserve_note,$2,1995,$2 Federal Reserve Note,,BLANK
f9950251-a300-49b0-8ce0-9e8a7c34023e,Federal Reserve Note,federal_reserve_note,$2,1995,$2 federal reserve star note,,BLANK
b4492142-593e-4f87-960a-536db5224c48,Federal Reserve Note,federal_reserve_note,$2,2003,$2 Federal reserve star note,,BLANK
3f6c909c-2825-4cfc-9ed0-db18c7bdd83d,Federal Reserve Note,federal_reserve_note,$2,2003A,$2 Federal Reserve Note,,BLANK
be97b17d-e346-4213-b123-71f7a59fb3d6,Federal Reserve Note,federal_reserve_note,$2,2003A,$2 Federal Reserve Note,,BLANK
c549ddae-778b-4eec-8b33-2010fc13355f,Federal Reserve Note,federal_reserve_note,$2,2003A,$2 federal reserve note,,BLANK
d3aabb05-5708-4ea5-b2d3-d6307d49c01b,Federal Reserve Note,federal_reserve_note,$2,2003A,$2 Federal Reserve Note,,BLANK
e71e9192-1ba6-4f18-a614-3b31b268b5eb,Federal Reserve Note,federal_reserve_note,$2,2013,$2 federal reserve note,,BLANK
f7d7f452-e40b-4ed2-a45c-1a2e75d7af09,Federal Reserve Note,federal_reserve_note,$2,2013,$2 Federal Reserve Note,,BLANK
262f5088-541a-4192-bf5c-05338eb37873,Federal Reserve Note,federal_reserve_note,$20,1934,$20 Federal Reserve Note Hawaii,,BLANK
4132586e-7905-4f23-a102-b4c6a08d92c6,Federal Reserve Note,federal_reserve_note,$20,1934,$20 Federal Reserve Note,,BLANK
4aac02fd-b73a-4048-891c-1e4eec816c54,Federal Reserve Note,federal_reserve_note,$20,1934A,$20 Federal Reserve Note,,BLANK
a305e205-af44-460e-8d98-54e1ebd3891a,Federal Reserve Note,federal_reserve_note,$20,1934A,$20 Federal Reserve Note Hawaii,,BLANK
9a1a7689-e753-4199-9db8-ea4d90ecc18d,Federal Reserve Note,federal_reserve_note,$5,1928A,$5 Federal Reserve Note,,BLANK
a178a481-fdbd-4aa4-9814-8c9e98e53863,Federal Reserve Note,federal_reserve_note,$5,1934A,$5 Federal Reserve Note Hawaii,,BLANK
abce5a9c-25b1-4bbc-961f-50b0d1397521,Federal Reserve Note,federal_reserve_note,$5,1999,$5 federal reserve star note,,BLANK
6237c14b-50d7-42ad-bd87-13a521ebbc4b,Federal Reserve Note,federal_reserve_note,$5,2001,$5 Federal Reserve Star Note,,BLANK
44c4dbbf-eddd-4f94-a78c-b86b61577d73,Federal Reserve Note,federal_reserve_note,$5,2003,$5 Federal Reserve Note,,BLANK
e94f7f6a-d924-4930-aeee-0093045ad0ea,Federal Reserve Note,federal_reserve_note,$5,2003,$5 Federal Reserve Star Note,,BLANK
28a51acd-4908-4f61-aab6-4ed308a65d17,Federal Reserve Note,federal_reserve_note,$5,2013,$5 Federal Reserve Star Note,,BLANK
a89c4662-dcbb-4b53-a4b3-171ff779e1a0,Federal Reserve Note,federal_reserve_note,$50,1934,$50 Federal Reserve Note,,BLANK
bdc7e4c8-e220-4714-917e-e65844c9a0e9,Federal Reserve Note,federal_reserve_note,$500,1934,$500 Federal Reserve Note,,BLANK
f8410502-4f22-4ac6-a104-ce8c7d5ad0b4,Federal Reserve Note,federal_reserve_note,$1,1939A,$1 federal reserve star Note,,NO_OBV
6c58710e-52f8-415c-8d6e-5c46884aef32,Federal Reserve Note,federal_reserve_note,$1,1959D,$1 Federal Reserve Note,,NO_OBV
00d5f6a9-d781-4659-8de4-3c49f65ad655,Federal Reserve Note,federal_reserve_note,$1,1963,$1 Federal Reserve Note,,NO_OBV
90dfb6b0-23ba-46b2-8ed0-cec8357721d8,Federal Reserve Note,federal_reserve_note,$1,1963,$1 Federal Reserve Note,,NO_OBV
db32c602-6299-4498-b8a2-7c7167e8cd11,Federal Reserve Note,federal_reserve_note,$1,1963,$1 Federal Reserve Note,,NO_OBV
e3b8bbf9-4416-447d-a124-a1ce8c3d8335,Federal Reserve Note,federal_reserve_note,$1,1963,$1 Federal Reserve Note,,NO_OBV
4ca0b227-da9f-47a7-8c7d-8f884abb4efa,Federal Reserve Note,federal_reserve_note,$1,1963A,$1 Federal Reserve Star Note,,NO_OBV
4d73a2d7-19ee-4baa-88d6-d34c1c809a4e,Federal Reserve Note,federal_reserve_note,$1,1963A,$1 Federal Reserve Note,,NO_OBV
71981b7b-fd61-4843-ac3e-905d79663bc9,Federal Reserve Note,federal_reserve_note,$1,1963A,$1 federal reserve note,,NO_OBV
736e295f-fb3e-4dd9-9cfe-5c70d5bae1ee,Federal Reserve Note,federal_reserve_note,$1,1963A,$1 Federal Reserve Star Note,,NO_OBV
9fafab17-5eeb-478b-9935-156a8b525f08,Federal Reserve Note,federal_reserve_note,$1,1963A,$1 Federal Reserve Note,,NO_OBV
bcaeb92a-c7f2-489f-8da4-7f423b8c812e,Federal Reserve Note,federal_reserve_note,$1,1963A,$1 Federal Reserve Note,,NO_OBV
c33678b2-58b4-4778-b24c-4480a01f3e12,Federal Reserve Note,federal_reserve_note,$1,1963A,$1 federal reserve Star Note,,NO_OBV
c35fa411-9f3b-4864-829f-d45fab43f053,Federal Reserve Note,federal_reserve_note,$1,1963A,$1 Federal Reserve Note,,NO_OBV
c70e382f-ca6f-4702-8e41-c9d7cce4c425,Federal Reserve Note,federal_reserve_note,$1,1963A,$1 Federal Reserve Note,,NO_OBV
35843f61-f70a-4517-a683-14e542e84053,Federal Reserve Note,federal_reserve_note,$1,1963B,$1 Federal Reserve Note,,NO_OBV
3fe512dc-0f10-47c7-9316-c963487db94c,Federal Reserve Note,federal_reserve_note,$1,1963B,$1 Federal Reserve Star Note,,NO_OBV
4087d404-6155-4e83-be53-4532d4be65f1,Federal Reserve Note,federal_reserve_note,$1,1963B,$1 federal reserve Note,,NO_OBV
44fc8897-4d07-414d-b660-e31cf4ed449d,Federal Reserve Note,federal_reserve_note,$1,1963B,$1 Federal Reserve Star Note,,NO_OBV
653fc0f5-ad69-4ba3-b3f6-4f68e4b58157,Federal Reserve Note,federal_reserve_note,$1,1963B,$1 Federal Reserve Note,,NO_OBV
8a12443b-5e5b-4035-be63-cfbdf7277e86,Federal Reserve Note,federal_reserve_note,$1,1963B,$1 Federal Reserve Star Note,,NO_OBV
b6d22d4c-694a-4e98-b331-31f7c943d8ea,Federal Reserve Note,federal_reserve_note,$1,1963B,$1 Federal Reserve Star Note,,NO_OBV
ccf39c49-31d9-4a5d-9e7b-7dbb60d44d7e,Federal Reserve Note,federal_reserve_note,$1,1963B,$1 Federal Reserve Note,,NO_OBV
f3a6fb42-e0a4-4ce2-8de8-779354a37fba,Federal Reserve Note,federal_reserve_note,$1,1963B,$1 Federal Reserve Note,,NO_OBV
1342dc86-e12d-4f0b-9aa7-218b4f8e0c61,Federal Reserve Note,federal_reserve_note,$1,1969,$1 federal reserve note,,NO_OBV
54cce273-e8b3-4f2d-a2f1-8903f8ca5fef,Federal Reserve Note,federal_reserve_note,$1,1969,$1 federal reserve Note,,NO_OBV
5da6f840-f718-438d-8da5-0d79b222c5c7,Federal Reserve Note,federal_reserve_note,$1,1969,$1 Federal Reserve Note,,NO_OBV
670d2624-2ec4-4eee-b1e3-361df0a947d5,Federal Reserve Note,federal_reserve_note,$1,1969,$1 Federal Reserve Star Note,,NO_OBV
78964ea8-f910-4c99-aad1-09b056a5da87,Federal Reserve Note,federal_reserve_note,$1,1969,$1 Federal Reserve Note,,NO_OBV
a590dc39-caf4-4854-b91f-587fd022c0c4,Federal Reserve Note,federal_reserve_note,$1,1969,$1 Federal Reserve Note,,NO_OBV
cf95f460-5165-473c-ab9d-d6736956b81a,Federal Reserve Note,federal_reserve_note,$1,1969,$1 Federal Reserve Star Note,,NO_OBV
d2f80645-f050-40f2-894f-fd4126c66c9c,Federal Reserve Note,federal_reserve_note,$1,1969,$1 Federal Reserve Note,,NO_OBV
2cc5cf72-2f53-4046-9b93-4665f8199bc1,Federal Reserve Note,federal_reserve_note,$1,1969A,$1 Federal Reserve Note,,NO_OBV
92b098d0-a20c-43bf-96d8-530355c6e2aa,Federal Reserve Note,federal_reserve_note,$1,1969A,$1 federal reserve star note,,NO_OBV
b542e73a-3dd6-4722-a0b6-f96602067680,Federal Reserve Note,federal_reserve_note,$1,1969A,$1 Federal Reserve Note,,NO_OBV
588e615b-f9df-4cea-ae32-762ba042a9f8,Federal Reserve Note,federal_reserve_note,$1,1969B,$1 Federal Reserve Note,,NO_OBV
72dd4025-dc06-4d6e-9f6e-f540d58f978c,Federal Reserve Note,federal_reserve_note,$1,1969B,$1 Federal Reserve Note,,NO_OBV
a870b80d-bd71-458a-aa99-c0bdaff79464,Federal Reserve Note,federal_reserve_note,$1,1969B,$1 Federal Reserve Note,,NO_OBV
b7d78c3f-079b-474f-ae8a-845acf1885bd,Federal Reserve Note,federal_reserve_note,$1,1969B,$1 Federal Reserve Note,,NO_OBV
6cad1a04-6b0d-4826-b6d2-2b0a54faf2b8,Federal Reserve Note,federal_reserve_note,$1,1969C,$1 Federal Reserve Star Note,,NO_OBV
82830af1-ae4b-43f9-9f3d-f3e72c0da18f,Federal Reserve Note,federal_reserve_note,$1,1969C,$1 Federal Reserve Star Note,,NO_OBV
bb0d8d9a-8549-482e-974e-ea0b776d9aa2,Federal Reserve Note,federal_reserve_note,$1,1969C,$1 federal reserve note,,NO_OBV
f772e254-469e-42af-bc18-9bf15a85709a,Federal Reserve Note,federal_reserve_note,$1,1969D,$1 Federal Reserve Note,,NO_OBV
8e566f52-1849-4925-820f-566c9c658513,Federal Reserve Note,federal_reserve_note,$1,1974,$1 Federal Reserve Note,,NO_OBV
5615c7fc-25e8-410d-9807-79d794bf7cfe,Federal Reserve Note,federal_reserve_note,$1,1977,$1 Federal Reserve Note,,NO_OBV
83d00497-0d52-4dc3-aab1-0bd191285a02,Federal Reserve Note,federal_reserve_note,$1,1977,$1 Federal Reserve Note,,NO_OBV
afa108d9-96e4-4840-b559-67f6b2785c21,Federal Reserve Note,federal_reserve_note,$1,1977,$1 Federal Reserve Star Note,,NO_OBV
d78f0dfe-24f3-4ab8-84d5-cea22772e09a,Federal Reserve Note,federal_reserve_note,$1,1977,$1 Federal Reserve Note,,NO_OBV
f649ca98-9389-4662-8426-b8d30fa1f5ec,Federal Reserve Note,federal_reserve_note,$1,1977,$1 Federal Reserve Note,,NO_OBV
4744c145-d6eb-4137-991d-f08b152fe47a,Federal Reserve Note,federal_reserve_note,$1,1988A,$1 federal reserve  note,,NO_OBV
e9c01036-cade-45cc-b959-99a0b9a9aa92,Federal Reserve Note,federal_reserve_note,$1,1988A,$1 Federal Reserve Note,,NO_OBV
d4d8e301-8238-4f81-93a8-70f5b04bb761,Federal Reserve Note,federal_reserve_note,$1,1993,$1 federal reserve note,,NO_OBV
da5722c0-8b83-45f0-b0c2-779f05d21660,Federal Reserve Note,federal_reserve_note,$1,1993,$1 federal reserve star note,,NO_OBV
7bae5024-e8eb-49e3-9bef-dd692676dced,Federal Reserve Note,federal_reserve_note,$1,1995,$1 Federal Reserve Star Note,,NO_OBV
8a91b37c-d7e6-465a-b9e3-c9e1f39e3914,Federal Reserve Note,federal_reserve_note,$1,1999,$1 Federal Reserve Star Note,,NO_OBV
ddaffba8-1b0e-494e-a658-f42f5bccea62,Federal Reserve Note,federal_reserve_note,$1,1999,$1 Federal Reserve Star Note,,NO_OBV
146ea1ae-64f7-447c-b215-5f3498fdf360,Federal Reserve Note,federal_reserve_note,$1,2001,$1 Federal Reserve Star Note,,NO_OBV
646c999c-2492-4b7e-87ba-9895a1d2eb30,Federal Reserve Note,federal_reserve_note,$1,2001,$1 Federal Reserve Star Note,,NO_OBV
99b043be-b979-44b5-8014-96fc88985f8b,Federal Reserve Note,federal_reserve_note,$1,2001,$1 federal reserve Note,,NO_OBV
e07580e7-f19e-44ea-b8cc-dcc4ada27f32,Federal Reserve Note,federal_reserve_note,$1,2001,$1 Federal Reserve Star Note,,NO_OBV
76e16bf9-d317-4548-9051-13a3eb00fd89,Federal Reserve Note,federal_reserve_note,$1,2003,$1 federal reserve star note,,NO_OBV
9506c607-310c-4b9c-896c-1b5dc0f3720b,Federal Reserve Note,federal_reserve_note,$1,2003,$1 Federal Reserve Star Note,,NO_OBV
9a1cf314-9cab-4f8e-8fb6-581fb59b81ea,Federal Reserve Note,federal_reserve_note,$1,2003,$1 Federal Reserve Star Note,,NO_OBV
2ba2e6f7-ebbc-43d3-a279-f38bce0b66c4,Federal Reserve Note,federal_reserve_note,$1,2003A,$1 Federal Reserve Star Note,,NO_OBV
61c6df36-dde6-49b0-89e7-beae9aef4c22,Federal Reserve Note,federal_reserve_note,$1,2003A,$1 Federal Reserve Star Note,,NO_OBV
6751ef19-bbd9-4e35-8390-765d6cd8f255,Federal Reserve Note,federal_reserve_note,$1,2003A,$1 Federal Reserve Star Note,,NO_OBV
0baa8aa6-e268-4586-ba9a-6292ba8995f6,Federal Reserve Note,federal_reserve_note,$1,2006,$1 Federal Reserve Star Note,,NO_OBV
7c284f7d-dfb5-459e-bdcb-1ffc5dd0de4b,Federal Reserve Note,federal_reserve_note,$1,2006,$1 Federal Reserve Star Note,,NO_OBV
b9ac73ff-3e33-45d9-841e-555e2d4f4217,Federal Reserve Note,federal_reserve_note,$1,2006,$1 Federal Reserve Note,,NO_OBV
6bcd4e92-f7d0-44cf-9344-6bbb4da340aa,Federal Reserve Note,federal_reserve_note,$1,2009,$1 Federal Reserve Note,,NO_OBV
a5b47d85-cc8f-4b1a-9d16-0b4abb40e69e,Federal Reserve Note,federal_reserve_note,$1,2009,$1 Federal Reserve Note,,NO_OBV
1a726b24-aa24-4fce-ae60-74e9765eb9b9,Federal Reserve Note,federal_reserve_note,$1,2013,$1 Federal Reserve Star Note,,NO_OBV
90a93666-7791-4085-8ebb-6e3df9e90ef8,Federal Reserve Note,federal_reserve_note,$1,2013,"$1 Federal Reserve Note - New York ""911"" serial number",,NO_OBV
b5d0d3ff-ea58-474f-8510-400ff9620d26,Federal Reserve Note,federal_reserve_note,$1,2013,$1 Federal Reserve Star Note,,NO_OBV
f1c7a84d-5ce3-4537-b846-01296a469d67,Federal Reserve Note,federal_reserve_note,$1,2017A,$1 Federal Reserve Star Note,,NO_OBV
4e095c3d-e10a-46aa-ad6b-4b95196879c9,Federal Reserve Note,federal_reserve_note,$20,1914,$20 Federal Reserve Red Seal Note Large size,,NO_OBV
69a7acfb-a845-4af4-8913-72f39479323a,Federal Reserve Note,federal_reserve_note,$20,1914,$20 Federal Reserve Note Lg.Sz,,NO_OBV
1b14218e-4bd4-40b6-bdc0-fd676f7cb136,Federal Reserve Note,federal_reserve_note,$10,1914,$10 Federal Reserve Note,,NO_REV
26c67b3a-23c9-4148-b3a1-e1841e83ca5a,Federal Reserve Note,federal_reserve_note,$10,1914,$10 Federal Reserve Note arge size,,NO_REV
e24971c5-2d60-465f-a7b2-5fb824b56e2d,Federal Reserve Note,federal_reserve_note,$100,1914,$100 Federal Reserve note large size,,NO_REV
fca0055f-df47-4d7d-b0e1-0f447d337d52,Federal Reserve Note,federal_reserve_note,$14,1914,$14 Federal Reserve Note,,NO_REV
841d190b-01de-43b8-8f5d-b1d496eebe7d,Federal Reserve Note,federal_reserve_note,$20,1985,$20 Federal Reserve Note small size DD Block Inverted Back error FR1978 PMG,,NO_REV
5ebc8a7c-f4bc-4abc-9f45-470538d9e377,Federal Reserve Note,federal_reserve_note,$5,,$5 Federal Reserve Binary Repeated Note,,NO_REV
00b1cf06-18fb-4f28-b373-bed074a35341,Federal Reserve Note,federal_reserve_note,$5,$5 Federal Reserve Split Quad Note,$5 Federal Reserve Split Quad Note,,NO_REV
5e2abea1-9fbc-4e1c-8f86-9ade1bcb1829,Federal Reserve Note,federal_reserve_note,$5,1914,$5 Federal Reserve Note,,NO_REV
ad94e93f-1c47-4554-8003-eed0e4c9aef1,Federal Reserve Note,federal_reserve_note,$5,1914,$5 Federal Reserve Red Seal Note Large size,,NO_REV
c1be944b-d999-41eb-a178-e8749c0418b2,Federal Reserve Note,federal_reserve_note,$5,1914,$5 Federal Reserve Note - Large Size,,NO_REV
d45fa07f-4370-43f8-aa43-e2569f84b570,Federal Reserve Note,federal_reserve_note,$5,1914,$5 Federal Reserve Note - Large Size,,NO_REV
dba43bd9-514a-4ef1-be59-71a35b6ed2a0,Federal Reserve Note,federal_reserve_note,$5,1914,$5 Federal Reserve Note Large Size,,NO_REV
92a5779f-f1fc-4908-973f-f0d742366a31,Federal Reserve Note,federal_reserve_note,$50,1914,$50 Federal Reserve Note Large Size,,NO_REV
be40d2ef-1061-4611-8d6a-2c84fd29a439,Fractional Currency,fractional_currency,10,1864-1869,10C Fractional Currency,,BLANK
25b98a47-09f2-4bc8-a75c-42e85a1345a2,Fractional Currency,fractional_currency,10,1869-75,10C Fractional currency,,BLANK
b0407c13-17fe-4400-997f-8a8fa9abeeaf,Fractional Currency,fractional_currency,10,1869-75,10C Fractional Currency,,BLANK
c5da0c2c-3160-4086-b40e-ce4a044dfaeb,Fractional Currency,fractional_currency,2,1864-69,2C Fractional Currency,,BLANK
dc122fde-efab-454f-8c5d-423228facd9b,Fractional Currency,fractional_currency,,1864-69,% cents fractional currency PCGS,,NO_REV
676c6a20-014d-484b-90d1-a63db856ce33,Fractional Currency,fractional_currency,10,1862-76,10C Fractional Currency,,NO_REV
68b0d5e1-d993-4aca-bf79-61b7f3d0989b,Fractional Currency,fractional_currency,10,1863-97,10C Fractional Currency,,NO_REV
5244942c-f0e4-4bed-a0ab-d8de37c55bcd,Fractional Currency,fractional_currency,10,1874-76,10C Fractional Currency,,NO_REV
f0e5fbe8-329a-4942-a665-cecd159d991e,Fractional Currency,fractional_currency,10,1874-76,10C Fractional Currency,,NO_REV
5594e24b-556f-4eb9-a37e-ad8f80c1bfe7,Fractional Currency,fractional_currency,10,1875-76,10C Fractional currency,,NO_REV
d7d0414f-de22-4893-94cb-937a2bc3ebb4,Fractional Currency,fractional_currency,15,1869-1875,15C Fractional Currency,,NO_REV
f8738f58-afc1-4c59-98b2-d837b41a3941,Fractional Currency,fractional_currency,15,1869-1875,15C Fractional Currency,,NO_REV
2cfcc7b7-7afb-4618-b45c-612bcf7c4024,Fractional Currency,fractional_currency,15,1869-75,15C Fractional Currency,,NO_REV
761917c7-3508-49b8-ab5b-aa552204f1a6,Fractional Currency,fractional_currency,25,1862-63,25C Fractional Currency,,NO_REV
f3f5514e-c53e-4a42-988d-8fd4c76ef45c,Fractional Currency,fractional_currency,25,1862-63,25C Fractional Currency,,NO_REV
07923724-faa8-42de-b013-9a1c04c810ea,Fractional Currency,fractional_currency,25,1862-76,25C Fractional Currency,,NO_REV
e4abb3d1-6835-4134-9d96-8fefb14281a5,Fractional Currency,fractional_currency,25,1874-1876,25C Fractional Currency,,NO_REV
e5ca8883-d3d0-43b0-af70-d22289357b20,Fractional Currency,fractional_currency,25,1874-1876,25C Fractional Currency,,NO_REV
c21c58d7-7bfb-4ec8-926d-ca8b0a063be9,Fractional Currency,fractional_currency,5,1862-63,5C Fractional Currency,,NO_REV
fa227719-755f-4306-8f27-94eea9f0501f,Fractional Currency,fractional_currency,5,1863-67,5C Fractional Currency,,NO_REV
a71f5749-c9ea-4fa3-8b82-59238b7e9c19,Fractional Currency,fractional_currency,50,1862-76,50C Fractional currency,,NO_REV
f8a40b38-36c4-44fb-852c-d7a31b7a10fe,Fractional Currency,fractional_currency,50,1864-69,50C Fractional Currency,,NO_REV
329298f6-ecd7-46d7-9bae-026b3b559451,Fractional Currency,fractional_currency,50,1869-75,50C Fractional Currency PMG EPQ CHUNC 63,,NO_REV
6c8f4b81-851b-44b7-ab9d-213c28eb8395,Gold Certificate,gold_certificate,$10,1922,$10 gold certificate large size,,BLANK
299ef9a9-97e9-4721-9f57-1582a48fb36b,Gold Certificate,gold_certificate,$20,1906,$20 Gold Certificate Latge size,,BLANK
da735250-20a9-4f50-a215-6bf6728a727d,Gold Certificate,gold_certificate,$20,1922,$20 Gold Certificate Large Size,,BLANK
472fe365-3508-437a-8b4f-e86e10dea664,Gold Certificate,gold_certificate,$50,1862,$50 gold certificate large size,,BLANK
0bbb8757-2a9f-4d0d-9d25-8e0e961f7d7a,Gold Certificate,gold_certificate,$10,1907-22,$10 Gold Certificate Large Size,,NO_REV
a7c7b0c3-5fb5-4255-ae4e-2fa788ba24f8,Gold Certificate,gold_certificate,$20,1928,$20 Gold Certificate,,NO_REV
8e0ac89a-d7be-4587-bc28-35b153ee841b,Legal Tender Note,other,,1928 C,5 Legal Tender Note,,BLANK
11eea9ed-470f-48ce-ae61-6b12bb57a24d,Legal Tender Note,other,$1,1917,$1 Legal Tender Note Large Size,,BLANK
591341bb-4e48-432f-8df1-2850b7d321ef,Legal Tender Note,other,$1,1917,$1 Legal Tender Note Large Size,,BLANK
d235728c-9326-49f2-970e-0fab6dcc655f,Legal Tender Note,other,$1,1917,$1 Legal Tender Note Large Size,,BLANK
2703275c-04a1-402f-95b6-fefa991973a4,Legal Tender Note,other,$1,1923,$1 Legal Tender Note Large Size,,BLANK
931605ae-2aa6-4b1d-a87a-98a6b32307a1,Legal Tender Note,other,$10,1880,$10 Legal Tender Note Large Size,,BLANK
bd1d545f-52d3-4a19-95ad-af1412a41c98,Legal Tender Note,other,$100,1966,$100 Legal Tender Note,,BLANK
3fc92f3a-55ce-4894-87de-a03ff6648030,Legal Tender Note,other,$2,1928C,$2 Legal Tender note,,BLANK
425945a6-d082-4c8f-aefc-d03c4fa95ad0,Legal Tender Note,other,$2,1928D,$2 Legal Tender Note,,BLANK
1fd6da68-d96f-4183-95b7-dfe5ea094e09,Legal Tender Note,other,$2,1928E,$2 Legal Tender Note,,BLANK
7d4afa4b-1995-438e-94f8-1ca6074194e2,Legal Tender Note,other,$2,1928F,$2 Legal Tender Note,,BLANK
145dccaf-5fcc-426b-82bc-2cf02b6cad7c,Legal Tender Note,other,$2,1928G,$2 Legal Tender Note,,BLANK
0690d75a-931a-4c03-a8ea-b2c70f20e2c2,Legal Tender Note,other,$2,1953,$2 legal tender note,,BLANK
2e44c61a-c88f-4f92-9455-bf39d18e7af4,Legal Tender Note,other,$2,1953,$2 Legal Tender Star Note,,BLANK
a42c9fcc-fb3e-4d31-b0c2-089594b46a16,Legal Tender Note,other,$2,1953A,$2 legal tender note,,BLANK
0ec4d582-1264-4da1-bfac-d712efe056fe,Legal Tender Note,other,$2,1953B,$2 Legal Tender Star Note,,BLANK
846f58f9-9736-4a9a-ac44-ce27f9447595,Legal Tender Note,other,$2,1953B,$2 Legal Tender Note,,BLANK
b0a04f63-8daf-4bbe-9d63-8dfd4caf48a6,Legal Tender Note,other,$2,1953C,$2 Legal Tender Star Note,,BLANK
c79fcdc8-c79d-4d23-acd3-0b77870992a3,Legal Tender Note,other,$2,1953C,$2 Legal Tender Note,,BLANK
5d491a05-d21c-496a-aeca-84916f2c72db,Legal Tender Note,other,$2,1963,$2 legal tender note,,BLANK
2a8bb3b5-9ec5-48b1-bc24-35c506b4cbc1,Legal Tender Note,other,$2,1963A,$2 Legal Tender Star Note,,BLANK
faa775f5-873b-418d-9315-b23f4196b837,Legal Tender Note,other,$2,1963A,$2 legal tender note,,BLANK
0342508c-19ff-4eb4-ab71-202498839396,Legal Tender Note,other,$5,1907,$5 Legal Tender Note Spelling Error Reverse P*C*BLIC EPQ,,BLANK
39deb9dc-fc84-48bb-bf80-bc338472ab25,Legal Tender Note,other,$5,1907,$5 Legal Tender Note Large Size,,BLANK
82f1cccd-23c1-4c70-9a77-a733ab04a3db,Legal Tender Note,other,$5,1917,$5 Legal Tender Note Large Size,,BLANK
f76398a8-328f-4ac8-b243-a11145e0d5c0,Legal Tender Note,other,$5,1928E,$5 Legal Tender Note,,BLANK
05b2ca0f-3b28-4ad8-bb74-76bcc3473b0e,Legal Tender Note,other,$5,1928F,$5 Legal Tender Note,,BLANK
8b809532-3fcf-4940-a2ff-f5bfc749d709,Legal Tender Note,other,$5,1928F,$5 Legal Tender Note,,BLANK
542578a1-c29a-41bd-bec4-425eac6d5e1d,Legal Tender Note,other,$5,1953,$5 Legal Tender Note,,BLANK
cfbe5c4b-ad5e-41e9-8fdc-374bb4d6dece,Legal Tender Note,other,$5,1953,$5 Legal Tender Star Note,,BLANK
f708fe82-714c-4d24-b629-488ecef09db5,Legal Tender Note,other,$5,1953 B,$5 Legal Tender Star Note,,BLANK
6f21b915-7899-404f-8ff4-4456f0ecc032,Legal Tender Note,other,$5,1953A,$5 Legal Tender Star Note,,BLANK
cbec4d30-83f0-4961-bae4-ab8c69a3fca5,Legal Tender Note,other,$5,1953A,$5 Legal tender Note,,BLANK
9b09ff02-81c1-46c6-9c2f-b53ffa8bf53f,Legal Tender Note,other,$5,1953C,$5 Legal Tender Star Note,,BLANK
6f8e56f2-d103-4626-801b-39ca6a12623c,Legal Tender Note,other,$5,1963,$5 Legal Tender Star Note,,BLANK
75313ed3-3b32-4fe1-b8b7-ab79a2b9c251,Legal Tender Note,other,$5,1963,$5 legal tender note,,BLANK
4db3fb0a-6b24-42b4-8d9a-da61e1edad16,Legal Tender Note,other,$1,1917,$1 Legal Tender Note large size PCGS,,NO_REV
dc94176a-8faf-4149-9b47-65173ec4fbb1,Legal Tender Note,other,$1,1917,$1 Legal Tender Note Large sixe PCGS,,NO_REV
57de6f90-cbe5-4471-b2c4-03fd8ed805ea,Legal Tender Note,other,$1,1928,$1 Legal Tender Note Funny Back,,NO_REV
2ff4b0dc-2b94-4ff1-a6c5-a88b3a8155b2,Legal Tender Note,other,$10,1901,$10 legal tender Note Bison,,NO_REV
639f2928-9b75-4237-a310-bcbe5d92dc94,Legal Tender Note,other,$2,1917,$2 Legal Tender Note Large Size,,NO_REV
9f7e5d43-c246-4c5b-9eed-12bfc40a3949,Legal Tender Note,other,$2,1917,$2 Legal Tender Note Large Size,,NO_REV
c12fbd3d-ced1-4ae6-864d-298fa940a09a,Legal Tender Note,other,$5,1907,$5 legal tender note Large size PCGS choice about new PPQ58,,NO_REV
38295d75-d028-40fb-b736-d8a947189328,Legal Tender Note,other,$5,1928,$5 Legal Tender Note,,NO_REV
8462ba93-c72d-4dcd-971f-de0ddbb1b509,Military Payment Certificate,other,,1969-70,$!  Military Payment certificate,,BLANK
99237bf6-b21c-433c-9ad3-262c2f6cb150,Military Payment Certificate,other,$5,1968-69,$5 Military Payment Certificate,,BLANK
225340ee-e21d-433e-8b0c-0ac83414bbe9,National Bank Note,national_bank_note,,1929,National Bank Note Type 1 Beatrice NE charter #2357,,BLANK
80ca03d0-b340-4c16-bc7f-b877a9004c98,National Bank Note,national_bank_note,,1929,"#10 National Bank Note Type 1 Zanesville, Ohio charter #5760",,BLANK
d9d75c78-21dc-4776-a872-44f8ac66dd34,National Bank Note,national_bank_note,,1929,5 National Bank Note Oakland Maryland #13776  V fine/EF,,BLANK
20999425-4077-4887-9ff0-e819dceb3086,National Bank Note,national_bank_note,$10,1902,$10 National bank note large size plainback,,BLANK
61bcfefd-bf62-4d10-add6-0030308a2e75,National Bank Note,national_bank_note,$10,1929,$10 National Bank Note Type 1 Newport NH $3404,,BLANK
7da5e7f2-9f87-48d7-942e-9f463c499dde,National Bank Note,national_bank_note,$10,1929,$10 National Bank Note Type 1,,BLANK
d62d2ace-b967-40e3-84aa-5f45f6edfb5c,National Bank Note,national_bank_note,$10,1929,"$10 National Bank Note Type 2 Nashua, NH charter # 1310",,BLANK
bdd37684-5796-46b9-87b5-7240eabd21c7,National Bank Note,national_bank_note,$20,1902,$20 National Bank Note Large size third issue (Plain back),,BLANK
dbf777f4-fba3-4f66-b9a5-15fc7bfd3d90,National Bank Note,national_bank_note,$20,1902,$20 National Bank Note Large size Third Issue (Plain Back),,BLANK
4d74ac8d-d73c-4ba7-a787-63d80a3531c4,National Bank Note,national_bank_note,$20,1929,$20 National Bank Note T1,,BLANK
ed88d202-b144-475a-83ac-7ae8e405b0d6,National Bank Note,national_bank_note,$20,1929,$20 National Bank Note T2,,BLANK
4920074b-5bb5-4e9a-b2f8-26927c564083,National Bank Note,national_bank_note,$5,1902,$5 National bank notr,,BLANK
52b37bdf-b876-47ef-904a-db30ee5eff6e,National Bank Note,national_bank_note,$5,1902,$5 National Bank Note Large size Bronkville PA charter #3051,,BLANK
5c8d9883-6aa3-4cf2-aea7-9630adfe1260,National Bank Note,national_bank_note,$5,1902,$5 National Bank Note Large size third issue (Plain back),,BLANK
70481d94-aa04-4dec-b9eb-3c9936258eab,National Bank Note,national_bank_note,$5,1902,$5 National Bank Note Large size Atlanta GA Charter #5045,,BLANK
8dc33722-02b1-4ed4-886c-9b65d3135c74,National Bank Note,national_bank_note,$5,1902,$5 Farmers and Merchants National Bank of Fort Branch Indiana #9077,,BLANK
c1c65d19-ea92-4829-9baf-9962bba1c97f,National Bank Note,national_bank_note,$5,1902,$5 National Bank Note Dennison Ohio charter #6843,,BLANK
d3f76b10-1455-42dc-bb89-c0e3b4696ece,National Bank Note,national_bank_note,$5,1902,$5 National Bank Note large size Lewiston ME charter #330,,BLANK
42ae44e7-3673-49e4-a611-c5ffd2a173f6,National Bank Note,national_bank_note,$5,1929,$5 National Bank Note T2,,BLANK
6009ee2d-d8dd-4c20-98ac-b0b2c53f4788,National Bank Note,national_bank_note,$5,1929,$5 National Bank Note Type 1 Honolulu HI Charter #5550,,BLANK
9934eed2-537a-42b8-87ed-9806982bd3e9,National Bank Note,national_bank_note,$5,1929,$5 National Bank Note T1,,BLANK
a4970d83-0f18-47c4-b568-3343766109c6,National Bank Note,national_bank_note,$5,1929,$5 National Bank Note t1,,BLANK
f282ec15-bcaf-4b7d-bdb5-297b597797aa,National Bank Note,national_bank_note,$10,1929,$10 National Bank Note Type 1 Waynesboro PA charter #11866 PMG  EPQ 64,,NO_REV
07969ed5-f14e-4e9d-9656-93458cda6302,Obsolete Currency,other,,,19th Century Obsolete Currency,,BLANK
fa5d4adf-6e69-4904-a06f-bf0665a80a19,Obsolete Currency,other,,,19th Century Obsolete Currency,,BLANK
7c7c4065-c113-4aeb-8c6b-a0321e6fbd5d,Obsolete Currency,other,,1900 Century,Obsolete Currency,,BLANK
8623bb2f-6d9f-4c85-88b4-eb9176f4b367,Obsolete Currency,other,$100,1826,$100New York Marble Manufacturing Obsolete Bote NY 1705-024,,BLANK
bca4f87f-3bec-45b6-b03c-c0dcd3149366,Silver Certificate,silver_certificate,$1,1891,$1 Silver Certificate Large Size Martha Washington,,BLANK
87189b96-278e-43de-8a20-efe597886f50,Silver Certificate,silver_certificate,$1,1899,$1 silver certificate large size eagle,,BLANK
bf62e319-76b2-4897-af3f-a375682145c4,Silver Certificate,silver_certificate,$1,1899,$1 Silver Certificate Eagle large size Star Note,,BLANK
0a256c7c-a7ea-4e02-9adb-67d10f09ceb0,Silver Certificate,silver_certificate,$2,1899,$2 Silver Certificate Large Size,,BLANK
8686be42-0159-48d8-a923-e341cfc7f342,Silver Certificate,other,$2,1899,$2 Silver Certicate large size,,BLANK
c7bb2f5b-3afb-483d-b5d9-a12b8f31ceb2,Silver Certificate,silver_certificate,$2,1899,$2 Silver Certificate Large Size,,BLANK
c7fe1c85-7ab5-465e-a957-b6b8b807e4ce,Silver Certificate,silver_certificate,$2,1899,$2 Silver Certificate Large Size,,BLANK
b65865b8-2295-4f23-9c4b-47a30d7bbc22,Silver Certificate,silver_certificate,$5,1899,$5 Silver Certificate Indian Large size,,BLANK
e201deae-06b0-46a5-9206-bf024f2dd25a,Silver Certificate,silver_certificate,$5,1899,$5 silver certificate Large size Indian,,BLANK
b7306c36-314e-451c-8b5c-8cc951f88f18,Silver Certificate,silver_certificate,,1923,$! Silver certificate large size PCGS PPQ64 2 consecutive serial #s (FR238),,NO_REV
fb15284a-daa0-4a0a-9f4d-3b9e8cc71341,Silver Certificate,silver_certificate,,1923,$! Silver certificate large size PCGS PPQ63 2 consecutive serial #s (FR237),,NO_REV
3d3f7001-af69-47f2-b347-6c4137abda1b,Silver Certificate,silver_certificate,,1934A,10 Silver Certificate Yellow Seal BA Block PMG EPQ65,,NO_REV
3fb23610-e584-4ef7-8f49-936a54a99398,Silver Certificate,silver_certificate,,1934D,10 Silver Certificate Star Note,,NO_REV
7f6a8a62-63f0-4554-8e91-d94f242b5b2d,Silver Certificate,silver_certificate,$1,1823,$1 silver certificate large size Three consecutive Serial Numbers (FR237),,NO_REV
076219f6-5198-4628-864d-dc17b932b719,Silver Certificate,silver_certificate,$1,1923,$1 Silver Certificate large size 2 consecutive Serial #s (FR237) PCGS,,NO_REV
0fa622a0-ba81-492d-bbcc-b070bc9ac79e,Silver Certificate,silver_certificate,$1,1923,$1 silver certificate Large size 2 consecutive serial # (FR237)  PCGS,,NO_REV
411ec589-ae64-49e9-98d7-516fff2e64a2,Silver Certificate,silver_certificate,$1,1923,$1 Silver Certificate large size PCGS  PPQ66 2 consecutive serial #s (FR237),,NO_REV
587ea6ab-87fe-443f-b219-f3bd8ef0f690,Silver Certificate,silver_certificate,$1,1923,$1 Silver Certificate Large size PCGS PPQ63 2 consecutive #s (FR238),,NO_REV
be0b5e30-8f6c-4b48-b30e-0f526a5c01af,Silver Certificate,silver_certificate,$1,1923,$1 Silver Certificate Large Size PCGS,,NO_REV
ee958b47-da4f-46ef-aad9-280e44a23502,Silver Certificate,silver_certificate,$1,1923,$1 silver certificate Large size PCGS PPQ64 cpnsecutive serial numbers,,NO_REV
f0ab304f-4f6a-45b2-b7fe-37e2283fb22a,Silver Certificate,silver_certificate,$1,1923,$1 Silver Certificate Large Size,,NO_REV
f35ef8cf-44bb-47ef-809d-48137dacde05,Silver Certificate,silver_certificate,$1,1923,$1 Silver Certificate Large Size PCGS PPQ64,,NO_REV
fc7982a2-327e-4879-8491-92c7833c5ea3,Silver Certificate,silver_certificate,$1,1923,$1 Silver Certificate Large Size PCGS PPQ65 2 consecutive Serial #s (FR 238),,NO_REV
ec3916df-8c41-4f7f-9bb2-a0a4f19cb91a,Silver Certificate,silver_certificate,$1,1928,$1 Silver Certificate Funnyback,,NO_REV
3a267b43-b7f1-4f5e-a9b0-6845fb611870,Silver Certificate,silver_certificate,$1,1928$1,$1 Silver Certificate Funnyback,,NO_REV
1d0a722d-b9b0-4f5a-8a13-7ba145bdac01,Silver Certificate,silver_certificate,$1,1928A,$1 Silver Certificate Funnyback,,NO_REV
3905a42b-53b9-4d07-8299-27a4f9d3e62b,Silver Certificate,silver_certificate,$1,1928B,$1 Silver Certificate Funnyback,,NO_REV
d64b6f7d-e05f-4a7d-9e55-f1b3571777ed,Silver Certificate,silver_certificate,$1,1928B,$1 Silver Certificate Funnyback Star Note,,NO_REV
38dbe211-2888-425d-aedb-c62756996087,Silver Certificate,silver_certificate,$1,1928D,$1 Silver Certificate Funnyback,,NO_REV
fc9c1d56-eaf1-4fd1-a92d-8acd5a0bd539,Silver Certificate,silver_certificate,$1,1934,$1 silver certificatee funnyback,,NO_REV
196efc9f-8f8f-43c4-8c01-5275f7e46756,Silver Certificate,silver_certificate,$10,1934,$10 Silver Certificate,,NO_REV
29b89ec5-170a-4a04-b038-03b555639b2d,Silver Certificate,silver_certificate,$10,1934,$10 Silver Certificate,,NO_REV
3bcee5ba-02a3-4636-98c0-483765d25b48,Silver Certificate,silver_certificate,$10,1934,$10 silver certificate,,NO_REV
7bf39641-6a05-4ab3-b713-6d23bf5e3bb1,Silver Certificate,silver_certificate,$10,1934,$10 silver certificate,,NO_REV
997f2950-8bda-4d90-a8ec-06b33a37e063,Silver Certificate,silver_certificate,$10,1934,$10 Silver Certificate,,NO_REV
02f1f861-2578-42c9-bddf-afb58d9570c8,Silver Certificate,silver_certificate,$10,1934A,$10 Silver Certificate - No Yellow Seal,,NO_REV
8fe20fb4-3ae9-45c1-9a44-c2d18c4156bb,Silver Certificate,silver_certificate,$10,1934A,$10 Silver Certificate,,NO_REV
3c649910-6e54-4d7b-9e71-b2919979a92d,Silver Certificate,silver_certificate,$10,1934B,$10 Silver Certificate,,NO_REV
714ac8a9-a2f5-4504-b67f-15f480e2815b,Silver Certificate,silver_certificate,$10,1934C,$10 Silver Certificate,,NO_REV
c0f6ca0c-b618-4703-96f2-45735307b2d9,Silver Certificate,silver_certificate,$10,1934D,$10 Silver Certificate,,NO_REV
90dc83e8-3467-43bf-86b3-695b2192a197,Silver Certificate,silver_certificate,$10,1953,$10 silver certificate Star note,,NO_REV
42ee64e9-7340-4c66-854f-b727c3579570,Silver Certificate,silver_certificate,$2,1896,$2 Silver Certificate Largensize Educational,,NO_REV
ab9458d8-6487-4970-a8ce-38646717444a,Silver Certificate,silver_certificate,$5,1934,$5 Silver Certificate,,NO_REV
65819e0b-14ce-4941-aaeb-726ab07aaea8,Silver Certificate,silver_certificate,$5,1934A,$5 Silver Certificate,,NO_REV
f637e7d8-ef8b-4acf-87cc-26ecaed3b456,Silver Certificate,silver_certificate,$5,1934A,$5 Silver Certificate Yellow Seal PCGS PPQ,,NO_REV
8d727753-884c-4a40-af67-e33df1c4fbab,Silver Certificate,silver_certificate,$5,1934B,$5 Silver Certificate,,NO_REV
9e7414d5-6ba0-4a67-b153-97d8f1d0d311,Silver Certificate,silver_certificate,$5,1934C,$5 Silver Certificate,,NO_REV
da327acc-9708-4332-98c1-0fb0d82b9379,Silver Certificate,silver_certificate,$5,1934D,$5 Silver Certificate,,NO_REV
eeece5b0-292f-4371-a169-65d58683d83b,Silver Certificate,silver_certificate,$5,1953,$5 Silver Certificate,,NO_REV
b5694584-c8d3-48ed-bfe9-832846358029,Silver Certificate,silver_certificate,$5,1953A,$5 silver certificate,,NO_REV
99d9085e-2896-427e-950a-f9e94b2e2939,Silver Certificate,silver_certificate,$5,1953B,$5 Silver Certificate,,NO_REV
d042604e-65e9-4bc6-bddf-67b13aeb8c49,Treasury Note,treasury_note,,1891,$! Treasury Note Large size,,BLANK
8c02cf6c-7cd7-423f-99e6-bc934e8bf4de,Treasury Note,treasury_note,$1,1891,$1 Treasury Note Large size,,BLANK
