doc_id,cat,denom,year,desc,missing
00b1cf06-18fb-4f28-b373-bed074a35341,Federal Reserve Note,$5,$5 Federal Reserve Split Quad Note,$5 Federal Reserve Split Quad Note,REV
02f1f861-2578-42c9-bddf-afb58d9570c8,Silver Certificate,$10,1934A,$10 Silver Certificate - No Yellow Seal,REV
0342508c-19ff-4eb4-ab71-202498839396,Legal Tender Note,$5,1907,$5 Legal Tender Note Spelling Error Reverse P*C*BLIC EPQ,OBV+REV
0449a33d-a22e-4018-8a79-5ad1b8a7e128,Unknown,$5,1880,$5 Legal TenderNote large size PMG,REV
05b2ca0f-3b28-4ad8-bb74-76bcc3473b0e,Legal Tender Note,$5,1928F,$5 Legal Tender Note,OBV+REV
0690d75a-931a-4c03-a8ea-b2c70f20e2c2,Legal Tender Note,$2,1953,$2 legal tender note,REV
076219f6-5198-4628-864d-dc17b932b719,Silver Certificate,$1,1923,$1 Silver Certificate large size 2 consecutive Serial #s (FR237) PCGS,REV
07923724-faa8-42de-b013-9a1c04c810ea,Fractional Currency,25,1862-76,25C Fractional Currency,REV
07969ed5-f14e-4e9d-9656-93458cda6302,Obsolete Currency,,,19th Century Obsolete Currency,OBV+REV
0a256c7c-a7ea-4e02-9adb-67d10f09ceb0,Silver Certificate,$2,1899,$2 Silver Certificate Large Size,OBV+REV
0e6e757c-8579-435f-ba6f-1f1e6c05412b,Federal Reserve Bank Note,$20,1929,$20 Federal Reserve Bank Note,REV
0e9eeec8-dfc5-418c-afc3-597898ff7652,Unknown,$2,1861,$2 New Orleans Jackson and Great Northern RR Co W-LA 380-002-G050,OBV+REV
0ec4d582-1264-4da1-bfac-d712efe056fe,Legal Tender Note,$2,1953B,$2 Legal Tender Star Note,REV
0f2da1a0-1152-45bc-9eba-cae06f0f4a88,Unknown,$1000,,$1000 3rd Bank of the United States PMG New York Tear Repair Previously Mounted,REV
0fa622a0-ba81-492d-bbcc-b070bc9ac79e,Silver Certificate,$1,1923,$1 silver certificate Large size 2 consecutive serial # (FR237)  PCGS,REV
11eea9ed-470f-48ce-ae61-6b12bb57a24d,Legal Tender Note,$1,1917,$1 Legal Tender Note Large Size,REV
12df0fc6-5194-4c7b-8b62-4bea1efb25c4,Silver Certificate,$1,1899-1918,$1 large size note starter set,REV
145dccaf-5fcc-426b-82bc-2cf02b6cad7c,Legal Tender Note,$2,1928G,$2 Legal Tender Note,REV
16012432-73c3-4fa6-957b-2e45adade209,Federal Reserve Note,$100,1934,$100 Federal Reserve Note,REV
18f617df-fd26-4eac-a5e6-02c38c3550c8,Federal Reserve Note,$10,1999,$10 Federal Reserve Star Note,OBV+REV
196efc9f-8f8f-43c4-8c01-5275f7e46756,Silver Certificate,$10,1934,$10 Silver Certificate,REV
1a430eea-6a15-4e9a-9515-b67e7860c328,Federal Reserve Bank Note,$20,1929,$20 Federal Reserve Bank Note,REV
1b14218e-4bd4-40b6-bdc0-fd676f7cb136,Federal Reserve Note,$10,1914,$10 Federal Reserve Note,REV
1bff68c9-9147-4254-84e1-7e2dd743a18a,Unknown,$5,1847-1850's,$5 Falls Village Connecticut Iron Bank (CT120G8),OBV+REV
1fd6da68-d96f-4183-95b7-dfe5ea094e09,Legal Tender Note,$2,1928E,$2 Legal Tender Note,REV
20999425-4077-4887-9ff0-e819dceb3086,National Bank Note,$10,1902,$10 National bank note large size plainback,OBV+REV
21131bc4-b62d-4243-8fdb-e3155aeefbb7,Legal Tender Note,$5,1928B,$5 egal Tender Note,REV
225340ee-e21d-433e-8b0c-0ac83414bbe9,National Bank Note,,1929,National Bank Note Type 1 Beatrice NE charter #2357,OBV+REV
25b98a47-09f2-4bc8-a75c-42e85a1345a2,Fractional Currency,10,1869-75,10C Fractional currency,OBV+REV
262f5088-541a-4192-bf5c-05338eb37873,Federal Reserve Note,$20,1934,$20 Federal Reserve Note Hawaii,OBV+REV
26c67b3a-23c9-4148-b3a1-e1841e83ca5a,Federal Reserve Note,$10,1914,$10 Federal Reserve Note arge size,REV
2703275c-04a1-402f-95b6-fefa991973a4,Legal Tender Note,$1,1923,$1 Legal Tender Note Large Size,REV
28a51acd-4908-4f61-aab6-4ed308a65d17,Federal Reserve Note,$5,2013,$5 Federal Reserve Star Note,OBV+REV
299ef9a9-97e9-4721-9f57-1582a48fb36b,Gold Certificate,$20,1906,$20 Gold Certificate Latge size,REV
29b89ec5-170a-4a04-b038-03b555639b2d,Silver Certificate,$10,1934,$10 Silver Certificate,REV
2a8bb3b5-9ec5-48b1-bc24-35c506b4cbc1,Legal Tender Note,$2,1963A,$2 Legal Tender Star Note,REV
2ba8c63d-566a-424f-8616-15af3dc51390,Unknown,$40,1778,$40 continental currency,OBV+REV
2cfcc7b7-7afb-4618-b45c-612bcf7c4024,Fractional Currency,15,1869-75,15C Fractional Currency,REV
2e44c61a-c88f-4f92-9455-bf39d18e7af4,Legal Tender Note,$2,1953,$2 Legal Tender Star Note,REV
2ff4b0dc-2b94-4ff1-a6c5-a88b3a8155b2,Legal Tender Note,$10,1901,$10 legal tender Note Bison,REV
30e04d0e-972c-4d2e-815b-ae4fcd6b24f2,Bank Note,$1,,$1 Farmers Bank of Bucks County Bank Note Hulmeville PA (181-Teen's),OBV+REV
329298f6-ecd7-46d7-9bae-026b3b559451,Fractional Currency,50,1869-75,50C Fractional Currency PMG EPQ CHUNC 63,REV
38295d75-d028-40fb-b736-d8a947189328,Legal Tender Note,$5,1928,$5 Legal Tender Note,REV
382cf23c-b60d-4bff-8b1e-f0f96b1b1c60,Federal Reserve Note,$10,1934A,$10 Federal Reserve Note,REV
38f79268-6312-4e7b-9080-7f146190c0fc,Confederate,$2,1862,$2 Confederate Note,REV
396a98c6-24d0-4208-b348-c13498690c49,Silver Certificate,,1886,ilver Certificate Large Size,REV
39deb9dc-fc84-48bb-bf80-bc338472ab25,Legal Tender Note,$5,1907,$5 Legal Tender Note Large Size,OBV+REV
39e15347-e2eb-4af6-a621-fa3650e9dbe4,Unknown,$5,1850's-1960's,"$5, $10, and $20  Farmer's Bank of Kentucky three note set",OBV+REV
3a267b43-b7f1-4f5e-a9b0-6845fb611870,Silver Certificate,$1,1928$1,$1 Silver Certificate Funnyback,REV
3b8f8399-1d73-42f7-882e-d540b977ac0f,Confederate,$20,1864,$20 Confedwrate Note,REV
3bcee5ba-02a3-4636-98c0-483765d25b48,Silver Certificate,$10,1934,$10 silver certificate,REV
3c649910-6e54-4d7b-9e71-b2919979a92d,Silver Certificate,$10,1934B,$10 Silver Certificate,REV
3cb72c6a-9ca1-40a6-aab3-9fbbe4cfdf1a,Federal Reserve Note,$10,1934,$10 Federal Reserve Note,REV
3d3f7001-af69-47f2-b347-6c4137abda1b,Silver Certificate,,1934A,10 Silver Certificate Yellow Seal BA Block PMG EPQ65,REV
3f6c909c-2825-4cfc-9ed0-db18c7bdd83d,Federal Reserve Note,$2,2003A,$2 Federal Reserve Note,OBV+REV
3fc92f3a-55ce-4894-87de-a03ff6648030,Legal Tender Note,$2,1928C,$2 Legal Tender note,REV
411ec589-ae64-49e9-98d7-516fff2e64a2,Silver Certificate,$1,1923,$1 Silver Certificate large size PCGS  PPQ66 2 consecutive serial #s (FR237),REV
4132586e-7905-4f23-a102-b4c6a08d92c6,Federal Reserve Note,$20,1934,$20 Federal Reserve Note,OBV+REV
425945a6-d082-4c8f-aefc-d03c4fa95ad0,Legal Tender Note,$2,1928D,$2 Legal Tender Note,REV
42ae44e7-3673-49e4-a611-c5ffd2a173f6,National Bank Note,$5,1929,$5 National Bank Note T2,OBV+REV
42ee64e9-7340-4c66-854f-b727c3579570,Silver Certificate,$2,1896,$2 Silver Certificate Largensize Educational,REV
433f9c5d-223d-4ba4-b6b7-df2be99957f0,Error Note,$5,1907,"$5 Ledal Tender Note ""PCBLIC"" Engraving error Reverse",OBV+REV
44c4dbbf-eddd-4f94-a78c-b86b61577d73,Federal Reserve Note,$5,2003,$5 Federal Reserve Note,OBV+REV
472fe365-3508-437a-8b4f-e86e10dea664,Gold Certificate,$50,1862,$50 gold certificate large size,REV
4920074b-5bb5-4e9a-b2f8-26927c564083,National Bank Note,$5,1902,$5 National bank notr,OBV+REV
498b1b5f-45e3-42c5-be38-4cbc3efea64d,Federal Reserve Note,$10,1950C,$10 Federal Reserve Note,OBV+REV
4aac02fd-b73a-4048-891c-1e4eec816c54,Federal Reserve Note,$20,1934A,$20 Federal Reserve Note,REV
4d74ac8d-d73c-4ba7-a787-63d80a3531c4,National Bank Note,$20,1929,$20 National Bank Note T1,OBV+REV
4db3fb0a-6b24-42b4-8d9a-da61e1edad16,Legal Tender Note,$1,1917,$1 Legal Tender Note large size PCGS,REV
51617d29-1663-49cb-ac07-d37d01fc8dab,Unknown,,1776,2 Continental Currency,OBV+REV
5244942c-f0e4-4bed-a0ab-d8de37c55bcd,Fractional Currency,10,1874-76,10C Fractional Currency,REV
52b37bdf-b876-47ef-904a-db30ee5eff6e,National Bank Note,$5,1902,$5 National Bank Note Large size Bronkville PA charter #3051,OBV+REV
542578a1-c29a-41bd-bec4-425eac6d5e1d,Legal Tender Note,$5,1953,$5 Legal Tender Note,OBV+REV
5594e24b-556f-4eb9-a37e-ad8f80c1bfe7,Fractional Currency,10,1875-76,10C Fractional currency,REV
57de6f90-cbe5-4471-b2c4-03fd8ed805ea,Legal Tender Note,$1,1928,$1 Legal Tender Note Funny Back,REV
587ea6ab-87fe-443f-b219-f3bd8ef0f690,Silver Certificate,$1,1923,$1 Silver Certificate Large size PCGS PPQ63 2 consecutive #s (FR238),REV
591341bb-4e48-432f-8df1-2850b7d321ef,Legal Tender Note,$1,1917,$1 Legal Tender Note Large Size,REV
5c213b63-dceb-4ed7-95b0-7d34c7a88b8b,Federal Reserve Bank Note,$5,1929,$5 Federal Reserve Bank Note,REV
5c7a805d-ca39-4cd1-95d9-110fbe46c100,Bank Note,$10,1929,$10 Fereral Reserve Bank Note,OBV+REV
5c8d9883-6aa3-4cf2-aea7-9630adfe1260,National Bank Note,$5,1902,$5 National Bank Note Large size third issue (Plain back),OBV+REV
5d491a05-d21c-496a-aeca-84916f2c72db,Legal Tender Note,$2,1963,$2 legal tender note,REV
5d4f37e3-026b-4af1-8c0d-e841fd64c08b,Unknown,$1,19th Century,"Union County Bank of Plainfield NJ (2) $1, $2, $3 uncut sgeet of 4",OBV+REV
5e2abea1-9fbc-4e1c-8f86-9ade1bcb1829,Federal Reserve Note,$5,1914,$5 Federal Reserve Note,REV
5ebc8a7c-f4bc-4abc-9f45-470538d9e377,Federal Reserve Note,$5,,$5 Federal Reserve Binary Repeated Note,REV
6004dcd6-634e-4cc0-ba5e-41542ae84226,Federal Reserve Bank Note,$20,1929,$20 Federal Reserve Bank Note,REV
6009ee2d-d8dd-4c20-98ac-b0b2c53f4788,National Bank Note,$5,1929,$5 National Bank Note Type 1 Honolulu HI Charter #5550,OBV+REV
6237c14b-50d7-42ad-bd87-13a521ebbc4b,Federal Reserve Note,$5,2001,$5 Federal Reserve Star Note,OBV+REV
639f2928-9b75-4237-a310-bcbe5d92dc94,Legal Tender Note,$2,1917,$2 Legal Tender Note Large Size,REV
64182a73-681a-4d78-ab37-1af82e70e44b,Unknown,$5,1850's-1860's,$5 Falls Village Connecticut Iton Bank (CT120G10C),OBV+REV
65819e0b-14ce-4941-aaeb-726ab07aaea8,Silver Certificate,$5,1934A,$5 Silver Certificate,REV
676c6a20-014d-484b-90d1-a63db856ce33,Fractional Currency,10,1862-76,10C Fractional Currency,REV
68b0d5e1-d993-4aca-bf79-61b7f3d0989b,Fractional Currency,10,1863-97,10C Fractional Currency,REV
6d74462d-36de-45fb-bb15-cfac379602ec,Unknown,$5,"1880""s",$5 State of Louisiana Single Bond with red serial number,OBV+REV
6f21b915-7899-404f-8ff4-4456f0ecc032,Legal Tender Note,$5,1953A,$5 Legal Tender Star Note,OBV+REV
6f8e56f2-d103-4626-801b-39ca6a12623c,Legal Tender Note,$5,1963,$5 Legal Tender Star Note,OBV+REV
70481d94-aa04-4dec-b9eb-3c9936258eab,National Bank Note,$5,1902,$5 National Bank Note Large size Atlanta GA Charter #5045,OBV+REV
714ac8a9-a2f5-4504-b67f-15f480e2815b,Silver Certificate,$10,1934C,$10 Silver Certificate,REV
727a1c07-4b0f-46c0-81e7-9123bf8a44ff,Fractional Currency,5,1862-1869,5c Gractional currency,REV
72b536b4-f6da-4ce5-bb67-d83ab14d0578,Unknown,$1,19th century,State Bank of New Brunswick $1 Uncut sheet of 4,OBV+REV
75313ed3-3b32-4fe1-b8b7-ab79a2b9c251,Legal Tender Note,$5,1963,$5 legal tender note,OBV+REV
761917c7-3508-49b8-ab5b-aa552204f1a6,Fractional Currency,25,1862-63,25C Fractional Currency,REV
793b8f3e-115e-4f9b-a70f-7c0a311c2e2e,Unknown,$5,1953B,$5Legal Tender Note,OBV+REV
7bf39641-6a05-4ab3-b713-6d23bf5e3bb1,Silver Certificate,$10,1934,$10 silver certificate,REV
7c7c4065-c113-4aeb-8c6b-a0321e6fbd5d,Obsolete Currency,,1900 Century,Obsolete Currency,OBV+REV
7d4afa4b-1995-438e-94f8-1ca6074194e2,Legal Tender Note,$2,1928F,$2 Legal Tender Note,REV
80ca03d0-b340-4c16-bc7f-b877a9004c98,National Bank Note,,1929,"#10 National Bank Note Type 1 Zanesville, Ohio charter #5760",OBV+REV
82f1cccd-23c1-4c70-9a77-a733ab04a3db,Legal Tender Note,$5,1917,$5 Legal Tender Note Large Size,OBV+REV
841d190b-01de-43b8-8f5d-b1d496eebe7d,Federal Reserve Note,$20,1985,$20 Federal Reserve Note small size DD Block Inverted Back error FR1978 PMG,REV
846f58f9-9736-4a9a-ac44-ce27f9447595,Legal Tender Note,$2,1953B,$2 Legal Tender Note,REV
848ec127-f51c-4870-b438-5e468bf5168f,Unknown,$10,1800's,$10 canal Bank New Orleans Note with Bank,OBV+REV
858bd0d0-3c85-468c-9644-87d89aa75e0e,Federal Reserve Note,$2,1978,$2 federal reserve Note,OBV+REV
8623bb2f-6d9f-4c85-88b4-eb9176f4b367,Obsolete Currency,$100,1826,$100New York Marble Manufacturing Obsolete Bote NY 1705-024,OBV+REV
8686be42-0159-48d8-a923-e341cfc7f342,Silver Certificate,$2,1899,$2 Silver Certicate large size,OBV+REV
87189b96-278e-43de-8a20-efe597886f50,Silver Certificate,$1,1899,$1 silver certificate large size eagle,OBV+REV
8a457305-0b05-4766-be46-f8aa48e8cc41,Unknown,$10,1850's-1860's,$10 Falls Village Iton Bank (CT120G14C) PMG EDQ63,REV
8b809532-3fcf-4940-a2ff-f5bfc749d709,Legal Tender Note,$5,1928F,$5 Legal Tender Note,OBV+REV
8c02cf6c-7cd7-423f-99e6-bc934e8bf4de,Treasury Note,$1,1891,$1 Treasury Note Large size,REV
8d727753-884c-4a40-af67-e33df1c4fbab,Silver Certificate,$5,1934B,$5 Silver Certificate,REV
8dc33722-02b1-4ed4-886c-9b65d3135c74,National Bank Note,$5,1902,$5 Farmers and Merchants National Bank of Fort Branch Indiana #9077,OBV+REV
8dd18743-92d4-4843-a98a-9c4b0b5e4281,Unknown,$1,1850's-1860's,"The West River Bank Jamaica Vermont Uncut sheet of 4 ($1, $2, $3, & $5)",OBV+REV
8e0ac89a-d7be-4587-bc28-35b153ee841b,Legal Tender Note,,1928 C,5 Legal Tender Note,OBV+REV
8fe20fb4-3ae9-45c1-9a44-c2d18c4156bb,Silver Certificate,$10,1934A,$10 Silver Certificate,REV
90dc83e8-3467-43bf-86b3-695b2192a197,Silver Certificate,$10,1953,$10 silver certificate Star note,REV
92a5779f-f1fc-4908-973f-f0d742366a31,Federal Reserve Note,$50,1914,$50 Federal Reserve Note Large Size,REV
92fe14e6-968e-456c-a80e-b8c40d5b2325,Unknown,,,"W-CT- 250 CT Nank of NewEngland Uncut sheet 1,1,2,5 USO 20",OBV+REV
931605ae-2aa6-4b1d-a87a-98a6b32307a1,Legal Tender Note,$10,1880,$10 Legal Tender Note Large Size,OBV+REV
9934eed2-537a-42b8-87ed-9806982bd3e9,National Bank Note,$5,1929,$5 National Bank Note T1,OBV+REV
997f2950-8bda-4d90-a8ec-06b33a37e063,Silver Certificate,$10,1934,$10 Silver Certificate,REV
99d9085e-2896-427e-950a-f9e94b2e2939,Silver Certificate,$5,1953B,$5 Silver Certificate,REV
9a1a7689-e753-4199-9db8-ea4d90ecc18d,Federal Reserve Note,$5,1928A,$5 Federal Reserve Note,OBV+REV
9b09ff02-81c1-46c6-9c2f-b53ffa8bf53f,Legal Tender Note,$5,1953C,$5 Legal Tender Star Note,OBV+REV
9e7414d5-6ba0-4a67-b153-97d8f1d0d311,Silver Certificate,$5,1934C,$5 Silver Certificate,REV
9f7e5d43-c246-4c5b-9eed-12bfc40a3949,Legal Tender Note,$2,1917,$2 Legal Tender Note Large Size,REV
a178a481-fdbd-4aa4-9814-8c9e98e53863,Federal Reserve Note,$5,1934A,$5 Federal Reserve Note Hawaii,REV
a22becee-0cbd-459b-a3c1-cf8e321d9707,Federal Reserve Note,$10,1934A,$10 Federal Reserve Note,REV
a305e205-af44-460e-8d98-54e1ebd3891a,Federal Reserve Note,$20,1934A,$20 Federal Reserve Note Hawaii,REV
a42c9fcc-fb3e-4d31-b0c2-089594b46a16,Legal Tender Note,$2,1953A,$2 legal tender note,REV
a4619e29-fd5c-4e2e-812b-b26d57288f21,Federal Reserve Note,$5,1914,$5 Federal Rserve Note,REV
a4970d83-0f18-47c4-b568-3343766109c6,National Bank Note,$5,1929,$5 National Bank Note t1,OBV+REV
a71f5749-c9ea-4fa3-8b82-59238b7e9c19,Fractional Currency,50,1862-76,50C Fractional currency,REV
a89c4662-dcbb-4b53-a4b3-171ff779e1a0,Federal Reserve Note,$50,1934,$50 Federal Reserve Note,REV
ab4c04f3-692c-4d86-8cf7-474b327aa7e7,Federal Reserve Bank Note,$1,1918,$1 Federal Reserve Bank Note Large Size,REV
ab9458d8-6487-4970-a8ce-38646717444a,Silver Certificate,$5,1934,$5 Silver Certificate,REV
abce5a9c-25b1-4bbc-961f-50b0d1397521,Federal Reserve Note,$5,1999,$5 federal reserve star note,OBV+REV
ad94e93f-1c47-4554-8003-eed0e4c9aef1,Federal Reserve Note,$5,1914,$5 Federal Reserve Red Seal Note Large size,REV
ae619cb4-d90b-4bbd-9e63-56d90f24e5d7,Unknown,$1,1860,$1 Bank of America State of Rhode Island W_RI-820-001-00108,OBV+REV
b0407c13-17fe-4400-997f-8a8fa9abeeaf,Fractional Currency,10,1869-75,10C Fractional Currency,OBV+REV
b0a04f63-8daf-4bbe-9d63-8dfd4caf48a6,Legal Tender Note,$2,1953C,$2 Legal Tender Star Note,REV
b0efe82b-310a-4286-b5ef-73084dd0bcbf,Unknown,$10,1865,$10 State of Georgia Note From Milledgeville,OBV+REV
b4492142-593e-4f87-960a-536db5224c48,Federal Reserve Note,$2,2003,$2 Federal reserve star note,OBV+REV
b4ab6acc-0e3d-4fbe-9fa1-7a657b05686b,Federal Reserve Note,$2,1995,$2 Federal Reserve Note with courtsey signed Mary Ellen Withrow Autograph (FR1936F),OBV+REV
b5694584-c8d3-48ed-bfe9-832846358029,Silver Certificate,$5,1953A,$5 silver certificate,REV
b65865b8-2295-4f23-9c4b-47a30d7bbc22,Silver Certificate,$5,1899,$5 Silver Certificate Indian Large size,OBV+REV
b7306c36-314e-451c-8b5c-8cc951f88f18,Silver Certificate,,1923,$! Silver certificate large size PCGS PPQ64 2 consecutive serial #s (FR238),REV
ba8b6759-f931-46d6-acc8-f979d167b0e4,Federal Reserve Bank Note,$1,1918,$1 Federal Reserve Bank Note Large size PMG EPQ 65,REV
bb777fe7-7a21-49dd-aea3-77cbf34ef035,Confederate,,1864,50 Conferate Note,REV
bca4f87f-3bec-45b6-b03c-c0dcd3149366,Silver Certificate,$1,1891,$1 Silver Certificate Large Size Martha Washington,OBV+REV
bd1d545f-52d3-4a19-95ad-af1412a41c98,Legal Tender Note,$100,1966,$100 Legal Tender Note,OBV+REV
bdc7e4c8-e220-4714-917e-e65844c9a0e9,Federal Reserve Note,$500,1934,$500 Federal Reserve Note,REV
be0b5e30-8f6c-4b48-b30e-0f526a5c01af,Silver Certificate,$1,1923,$1 Silver Certificate Large Size PCGS,REV
be40d2ef-1061-4611-8d6a-2c84fd29a439,Fractional Currency,10,1864-1869,10C Fractional Currency,OBV+REV
be97b17d-e346-4213-b123-71f7a59fb3d6,Federal Reserve Note,$2,2003A,$2 Federal Reserve Note,OBV+REV
bf35ce79-068d-4d96-8b49-70efed55acdc,Unknown,,1850's,#3 West River Bank Vermont Note Jamaica,OBV+REV
bf62e319-76b2-4897-af3f-a375682145c4,Silver Certificate,$1,1899,$1 Silver Certificate Eagle large size Star Note,OBV+REV
c0f11f40-29a8-4503-908a-5ba0d269e2c0,Unknown,$1,1830's,$1 Bamk of Windsor Vermont PMG,REV
c0f6ca0c-b618-4703-96f2-45735307b2d9,Silver Certificate,$10,1934D,$10 Silver Certificate,REV
c12fbd3d-ced1-4ae6-864d-298fa940a09a,Legal Tender Note,$5,1907,$5 legal tender note Large size PCGS choice about new PPQ58,REV
c1be944b-d999-41eb-a178-e8749c0418b2,Federal Reserve Note,$5,1914,$5 Federal Reserve Note - Large Size,REV
c1c65d19-ea92-4829-9baf-9962bba1c97f,National Bank Note,$5,1902,$5 National Bank Note Dennison Ohio charter #6843,OBV+REV
c21c58d7-7bfb-4ec8-926d-ca8b0a063be9,Fractional Currency,5,1862-63,5C Fractional Currency,REV
c549ddae-778b-4eec-8b33-2010fc13355f,Federal Reserve Note,$2,2003A,$2 federal reserve note,OBV+REV
c5da0c2c-3160-4086-b40e-ce4a044dfaeb,Fractional Currency,2,1864-69,2C Fractional Currency,OBV+REV
c79fcdc8-c79d-4d23-acd3-0b77870992a3,Legal Tender Note,$2,1953C,$2 Legal Tender Note,REV
c7bb2f5b-3afb-483d-b5d9-a12b8f31ceb2,Silver Certificate,$2,1899,$2 Silver Certificate Large Size,OBV+REV
c7fe1c85-7ab5-465e-a957-b6b8b807e4ce,Silver Certificate,$2,1899,$2 Silver Certificate Large Size,OBV+REV
c8222810-d0aa-4e23-9ed7-fe3b246bf00f,Federal Reserve Note,$10,1934A,$10 Federal Reserve Note Hawaii,REV
cbec4d30-83f0-4961-bae4-ab8c69a3fca5,Legal Tender Note,$5,1953A,$5 Legal tender Note,OBV+REV
cfbe5c4b-ad5e-41e9-8fdc-374bb4d6dece,Legal Tender Note,$5,1953,$5 Legal Tender Star Note,OBV+REV
d042604e-65e9-4bc6-bddf-67b13aeb8c49,Treasury Note,,1891,$! Treasury Note Large size,REV
d235728c-9326-49f2-970e-0fab6dcc655f,Legal Tender Note,$1,1917,$1 Legal Tender Note Large Size,REV
d3aabb05-5708-4ea5-b2d3-d6307d49c01b,Federal Reserve Note,$2,2003A,$2 Federal Reserve Note,OBV+REV
d3f76b10-1455-42dc-bb89-c0e3b4696ece,National Bank Note,$5,1902,$5 National Bank Note large size Lewiston ME charter #330,OBV+REV
d45fa07f-4370-43f8-aa43-e2569f84b570,Federal Reserve Note,$5,1914,$5 Federal Reserve Note - Large Size,REV
d7833c80-d073-4949-94bc-c4d535d86107,Silver Certificate,$1,1923,$1 Silver Cerificate Large Size,REV
d7d0414f-de22-4893-94cb-937a2bc3ebb4,Fractional Currency,15,1869-1875,15C Fractional Currency,REV
d9d75c78-21dc-4776-a872-44f8ac66dd34,National Bank Note,,1929,5 National Bank Note Oakland Maryland #13776  V fine/EF,OBV+REV
d9d96ac1-417b-4088-96ea-7aa1f39aea10,Unknown,,1963,#2 Leal Tender Star Note,OBV+REV
da327acc-9708-4332-98c1-0fb0d82b9379,Silver Certificate,$5,1934D,$5 Silver Certificate,REV
da735250-20a9-4f50-a215-6bf6728a727d,Gold Certificate,$20,1922,$20 Gold Certificate Large Size,REV
dba43bd9-514a-4ef1-be59-71a35b6ed2a0,Federal Reserve Note,$5,1914,$5 Federal Reserve Note Large Size,REV
dc122fde-efab-454f-8c5d-423228facd9b,Fractional Currency,,1864-69,% cents fractional currency PCGS,REV
dc94176a-8faf-4149-9b47-65173ec4fbb1,Legal Tender Note,$1,1917,$1 Legal Tender Note Large sixe PCGS,REV
df2e6ec8-ca64-4930-afaa-76c7a55e38a4,Unknown,$500,,$500 3rd Bank of the United States Philadelphia PA Haxby 3 PCGS,REV
dfea2ebd-8b66-43c8-a21a-02cc02b6aa64,Unknown,$5,1953C,$5Legal Tender Note,OBV+REV
e1e2921b-55fe-480f-9206-d1d7190bc0c4,Federal Reserve Bank Note,$1,1918,$1 Federal Reserve Bank Note large size PCGS PPQ35,REV
e201deae-06b0-46a5-9206-bf024f2dd25a,Silver Certificate,$5,1899,$5 silver certificate Large size Indian,OBV+REV
e24971c5-2d60-465f-a7b2-5fb824b56e2d,Federal Reserve Note,$100,1914,$100 Federal Reserve note large size,REV
e4abb3d1-6835-4134-9d96-8fefb14281a5,Fractional Currency,25,1874-1876,25C Fractional Currency,REV
e5ca8883-d3d0-43b0-af70-d22289357b20,Fractional Currency,25,1874-1876,25C Fractional Currency,REV
e71e9192-1ba6-4f18-a614-3b31b268b5eb,Federal Reserve Note,$2,2013,$2 federal reserve note,OBV+REV
e94f7f6a-d924-4930-aeee-0093045ad0ea,Federal Reserve Note,$5,2003,$5 Federal Reserve Star Note,OBV+REV
eb22cb95-582b-4a94-b78e-6d81ae7cb4a8,Unknown,$1,1999,$1 Federl Reserve Note 4 Subject Sheet with Withrow Courtsey Autograph,OBV+REV
ec3916df-8c41-4f7f-9bb2-a0a4f19cb91a,Silver Certificate,$1,1928,$1 Silver Certificate Funnyback,REV
ed88d202-b144-475a-83ac-7ae8e405b0d6,National Bank Note,$20,1929,$20 National Bank Note T2,OBV+REV
ee958b47-da4f-46ef-aad9-280e44a23502,Silver Certificate,$1,1923,$1 silver certificate Large size PCGS PPQ64 cpnsecutive serial numbers,REV
eeece5b0-292f-4371-a169-65d58683d83b,Silver Certificate,$5,1953,$5 Silver Certificate,REV
f0ab304f-4f6a-45b2-b7fe-37e2283fb22a,Silver Certificate,$1,1923,$1 Silver Certificate Large Size,REV
f0e5fbe8-329a-4942-a665-cecd159d991e,Fractional Currency,10,1874-76,10C Fractional Currency,REV
f30166f8-3f2c-4177-9050-79262b0d8f13,Federal Reserve Note,$10,1934C,$10 Federal Reserve Note,OBV+REV
f35ef8cf-44bb-47ef-809d-48137dacde05,Silver Certificate,$1,1923,$1 Silver Certificate Large Size PCGS PPQ64,REV
f3f5514e-c53e-4a42-988d-8fd4c76ef45c,Fractional Currency,25,1862-63,25C Fractional Currency,REV
f4aa820a-2f49-484e-987b-98fbc2a83188,Unknown,,1850-60's,7 note set West Riverbank Jamaica VT,OBV+REV
f637e7d8-ef8b-4acf-87cc-26ecaed3b456,Silver Certificate,$5,1934A,$5 Silver Certificate Yellow Seal PCGS PPQ,REV
f6b100d2-d353-488a-9fbb-486177e300cf,Federal Reserve Note,$2,1995,$2 Federal Reserve Note,OBV+REV
f708fe82-714c-4d24-b629-488ecef09db5,Legal Tender Note,$5,1953 B,$5 Legal Tender Star Note,OBV+REV
f76398a8-328f-4ac8-b243-a11145e0d5c0,Legal Tender Note,$5,1928E,$5 Legal Tender Note,OBV+REV
f7d7f452-e40b-4ed2-a45c-1a2e75d7af09,Federal Reserve Note,$2,2013,$2 Federal Reserve Note,OBV+REV
f8738f58-afc1-4c59-98b2-d837b41a3941,Fractional Currency,15,1869-1875,15C Fractional Currency,REV
f8a40b38-36c4-44fb-852c-d7a31b7a10fe,Fractional Currency,50,1864-69,50C Fractional Currency,REV
f9950251-a300-49b0-8ce0-9e8a7c34023e,Federal Reserve Note,$2,1995,$2 federal reserve star note,OBV+REV
fa227719-755f-4306-8f27-94eea9f0501f,Fractional Currency,5,1863-67,5C Fractional Currency,REV
fa5d4adf-6e69-4904-a06f-bf0665a80a19,Obsolete Currency,,,19th Century Obsolete Currency,OBV+REV
faa775f5-873b-418d-9315-b23f4196b837,Legal Tender Note,$2,1963A,$2 legal tender note,REV
fb15284a-daa0-4a0a-9f4d-3b9e8cc71341,Silver Certificate,,1923,$! Silver certificate large size PCGS PPQ63 2 consecutive serial #s (FR237),REV
fc7982a2-327e-4879-8491-92c7833c5ea3,Silver Certificate,$1,1923,$1 Silver Certificate Large Size PCGS PPQ65 2 consecutive Serial #s (FR 238),REV
fca0055f-df47-4d7d-b0e1-0f447d337d52,Federal Reserve Note,$14,1914,$14 Federal Reserve Note,REV
