type_id,category,denomination,year,example_description,recommended_search,example_lot_url,obverse_file,reverse_file,credit,status
TYPE_005,Federal Reserve Bank Note,,1918,Federal Reserve Bank Note Large size PMG,Heritage Auctions Federal Reserve Bank Note Large size PMG,Search Heritage for best professional photo lot,TYPE_005_obverse.jpg,TYPE_005_reverse.jpg,Heritage Auctions (professional studio photography) — to be downloaded by user,Ready for user download from Heritage
TYPE_006,Federal Reserve Bank Note,$1 ,1918,$1 Federal Reserve Bank Note Large Size,Heritage Auctions $1 Federal Reserve Bank Note Large Size,Search Heritage for best professional photo lot,TYPE_006_obverse.jpg,TYPE_006_reverse.jpg,Heritage Auctions (professional studio photography) — to be downloaded by user,Ready for user download from Heritage
TYPE_007,Federal Reserve Bank Note,$10 ,1929,$10 Federal Reserve Bank Note,Heritage Auctions $10 Federal Reserve Bank Note,Search Heritage for best professional photo lot,TYPE_007_obverse.jpg,TYPE_007_reverse.jpg,Heritage Auctions (professional studio photography) — to be downloaded by user,Ready for user download from Heritage
TYPE_008,Federal Reserve Bank Note,$2 ,1918,$2 Federal Reserve Bank Note Large size,Heritage Auctions $2 Federal Reserve Bank Note Large size,Search Heritage for best professional photo lot,TYPE_008_obverse.jpg,TYPE_008_reverse.jpg,Heritage Auctions (professional studio photography) — to be downloaded by user,Ready for user download from Heritage
TYPE_009,Federal Reserve Bank Note,$20 ,1929,$20 Federal Reserve Bank Note,Heritage Auctions $20 Federal Reserve Bank Note,Search Heritage for best professional photo lot,TYPE_009_obverse.jpg,TYPE_009_reverse.jpg,Heritage Auctions (professional studio photography) — to be downloaded by user,Ready for user download from Heritage
TYPE_010,Federal Reserve Bank Note,$5 ,1929,$5 Federal Reserve Bank Note,Heritage Auctions $5 Federal Reserve Bank Note,Search Heritage for best professional photo lot,TYPE_010_obverse.jpg,TYPE_010_reverse.jpg,Heritage Auctions (professional studio photography) — to be downloaded by user,Ready for user download from Heritage
TYPE_011,Federal Reserve Note,,1934A,Federal Reserve Note Hawaii LB Block PMG,Heritage Auctions Federal Reserve Note Hawaii LB Block PMG,Search Heritage for best professional photo lot,TYPE_011_obverse.jpg,TYPE_011_reverse.jpg,Heritage Auctions (professional studio photography) — to be downloaded by user,Ready for user download from Heritage
TYPE_012,Federal Reserve Note,,1963A,1$ Federal Reserve Star Note,Heritage Auctions 1$ Federal Reserve Star Note,Search Heritage for best professional photo lot,TYPE_012_obverse.jpg,TYPE_012_reverse.jpg,Heritage Auctions (professional studio photography) — to be downloaded by user,Ready for user download from Heritage
TYPE_013,Federal Reserve Note,,1993,1 Federal Reserve Note,Heritage Auctions 1 Federal Reserve Note,Search Heritage for best professional photo lot,TYPE_013_obverse.jpg,TYPE_013_reverse.jpg,Heritage Auctions (professional studio photography) — to be downloaded by user,Ready for user download from Heritage
TYPE_014,Federal Reserve Note,$1 ,,$1 Federal Reserve Liars Note Six in a Row,Heritage Auctions $1 Federal Reserve Liars Note Six in a Row,Search Heritage for best professional photo lot,TYPE_014_obverse.jpg,TYPE_014_reverse.jpg,Heritage Auctions (professional studio photography) — to be downloaded by user,Ready for user download from Heritage
TYPE_015,Federal Reserve Note,$1 ,1918,$1 Federal Reserve Bamk Note large size PCGS 65PPQ,Heritage Auctions $1 Federal Reserve Bamk Note large size PCGS 65PPQ,Search Heritage for best professional photo lot,TYPE_015_obverse.jpg,TYPE_015_reverse.jpg,Heritage Auctions (professional studio photography) — to be downloaded by user,Ready for user download from Heritage
TYPE_016,Federal Reserve Note,$1 ,1939A,$1 federal reserve star Note,Heritage Auctions $1 federal reserve star Note,Search Heritage for best professional photo lot,TYPE_016_obverse.jpg,TYPE_016_reverse.jpg,Heritage Auctions (professional studio photography) — to be downloaded by user,Ready for user download from Heritage
TYPE_017,Federal Reserve Note,$1 ,1959D,$1 Federal Reserve Note,Heritage Auctions $1 Federal Reserve Note,Search Heritage for best professional photo lot,TYPE_017_obverse.jpg,TYPE_017_reverse.jpg,Heritage Auctions (professional studio photography) — to be downloaded by user,Ready for user download from Heritage
TYPE_018,Federal Reserve Note,$1 ,1963,$1 Federal Reserve Note,Heritage Auctions $1 Federal Reserve Note,Search Heritage for best professional photo lot,TYPE_018_obverse.jpg,TYPE_018_reverse.jpg,Heritage Auctions (professional studio photography) — to be downloaded by user,Ready for user download from Heritage
TYPE_019,Federal Reserve Note,$1 ,1963A,$1 Federal Reserve Star Note,Heritage Auctions $1 Federal Reserve Star Note,Search Heritage for best professional photo lot,TYPE_019_obverse.jpg,TYPE_019_reverse.jpg,Heritage Auctions (professional studio photography) — to be downloaded by user,Ready for user download from Heritage
TYPE_020,Federal Reserve Note,$1 ,1963B,$1 Federal Reserve Note,Heritage Auctions $1 Federal Reserve Note,Search Heritage for best professional photo lot,TYPE_020_obverse.jpg,TYPE_020_reverse.jpg,Heritage Auctions (professional studio photography) — to be downloaded by user,Ready for user download from Heritage
TYPE_021,Federal Reserve Note,$1 ,1969,$1 federal reserve note,Heritage Auctions $1 federal reserve note,Search Heritage for best professional photo lot,TYPE_021_obverse.jpg,TYPE_021_reverse.jpg,Heritage Auctions (professional studio photography) — to be downloaded by user,Ready for user download from Heritage
TYPE_022,Federal Reserve Note,$1 ,1969A,$1 Federal Reserve Note,Heritage Auctions $1 Federal Reserve Note,Search Heritage for best professional photo lot,TYPE_022_obverse.jpg,TYPE_022_reverse.jpg,Heritage Auctions (professional studio photography) — to be downloaded by user,Ready for user download from Heritage
TYPE_023,Federal Reserve Note,$1 ,1969B,$1 Federal Reserve Note,Heritage Auctions $1 Federal Reserve Note,Search Heritage for best professional photo lot,TYPE_023_obverse.jpg,TYPE_023_reverse.jpg,Heritage Auctions (professional studio photography) — to be downloaded by user,Ready for user download from Heritage
TYPE_024,Federal Reserve Note,$1 ,1969C,$1 Federal Reserve Star Note,Heritage Auctions $1 Federal Reserve Star Note,Search Heritage for best professional photo lot,TYPE_024_obverse.jpg,TYPE_024_reverse.jpg,Heritage Auctions (professional studio photography) — to be downloaded by user,Ready for user download from Heritage
TYPE_025,Federal Reserve Note,$1 ,1969D,$1 Federal Reserve Note,Heritage Auctions $1 Federal Reserve Note,Search Heritage for best professional photo lot,TYPE_025_obverse.jpg,TYPE_025_reverse.jpg,Heritage Auctions (professional studio photography) — to be downloaded by user,Ready for user download from Heritage
TYPE_026,Federal Reserve Note,$1 ,1974,$1 Federal Reserve Note,Heritage Auctions $1 Federal Reserve Note,Search Heritage for best professional photo lot,TYPE_026_obverse.jpg,TYPE_026_reverse.jpg,Heritage Auctions (professional studio photography) — to be downloaded by user,Ready for user download from Heritage
TYPE_027,Federal Reserve Note,$1 ,1977,$1 Federal Reserve Note,Heritage Auctions $1 Federal Reserve Note,Search Heritage for best professional photo lot,TYPE_027_obverse.jpg,TYPE_027_reverse.jpg,Heritage Auctions (professional studio photography) — to be downloaded by user,Ready for user download from Heritage
TYPE_028,Federal Reserve Note,$1 ,1988A,$1 federal reserve  note,Heritage Auctions $1 federal reserve  note,Search Heritage for best professional photo lot,TYPE_028_obverse.jpg,TYPE_028_reverse.jpg,Heritage Auctions (professional studio photography) — to be downloaded by user,Ready for user download from Heritage
TYPE_029,Federal Reserve Note,$1 ,1993,$1 federal reserve note,Heritage Auctions $1 federal reserve note,Search Heritage for best professional photo lot,TYPE_029_obverse.jpg,TYPE_029_reverse.jpg,Heritage Auctions (professional studio photography) — to be downloaded by user,Ready for user download from Heritage
TYPE_030,Federal Reserve Note,$1 ,1995,$1 Federal Reserve Star Note,Heritage Auctions $1 Federal Reserve Star Note,Search Heritage for best professional photo lot,TYPE_030_obverse.jpg,TYPE_030_reverse.jpg,Heritage Auctions (professional studio photography) — to be downloaded by user,Ready for user download from Heritage
TYPE_031,Federal Reserve Note,$1 ,1999,$1 Federal Reserve Star Note,Heritage Auctions $1 Federal Reserve Star Note,Search Heritage for best professional photo lot,TYPE_031_obverse.jpg,TYPE_031_reverse.jpg,Heritage Auctions (professional studio photography) — to be downloaded by user,Ready for user download from Heritage
TYPE_032,Federal Reserve Note,$1 ,2001,$1 Federal Reserve Star Note,Heritage Auctions $1 Federal Reserve Star Note,Search Heritage for best professional photo lot,TYPE_032_obverse.jpg,TYPE_032_reverse.jpg,Heritage Auctions (professional studio photography) — to be downloaded by user,Ready for user download from Heritage
TYPE_033,Federal Reserve Note,$1 ,2003,$1 federal reserve star note,Heritage Auctions $1 federal reserve star note,Search Heritage for best professional photo lot,TYPE_033_obverse.jpg,TYPE_033_reverse.jpg,Heritage Auctions (professional studio photography) — to be downloaded by user,Ready for user download from Heritage
TYPE_034,Federal Reserve Note,$1 ,2003A,$1 Federal Reserve Star Note,Heritage Auctions $1 Federal Reserve Star Note,Search Heritage for best professional photo lot,TYPE_034_obverse.jpg,TYPE_034_reverse.jpg,Heritage Auctions (professional studio photography) — to be downloaded by user,Ready for user download from Heritage
,,,,,,,,,,
,,,,,,,,,,
,,,,,,,,,,
