original,new_file,attribution,image_url
2025-american-women-quarters-coin-proof-obverse.jpg,attributed_2025-american-women-quarters-coin-proof-obverse.jpg,United States Mint image,https://storage.googleapis.com/us_mint_coin_images/Numista_Attributed_Coins%20%281%29/final_attributed_2025-american-women-quarters-coin-proof-obverse.jpg
2025-native-american-one-dollar-proof-coin-obverse (1).jpg,attributed_2025-native-american-one-dollar-proof-coin-obverse (1).jpg,United States Mint image,https://storage.googleapis.com/us_mint_coin_images/Numista_Attributed_Coins%20%281%29/final_attributed_2025-native-american-one-dollar-proof-coin-obverse (1).jpg
American-Eagle-Gold-Proof-Reverse.jpg,attributed_American-Eagle-Gold-Proof-Reverse.jpg,United States Mint image,https://storage.googleapis.com/us_mint_coin_images/Numista_Attributed_Coins%20%281%29/final_attributed_American-Eagle-Gold-Proof-Reverse.jpg
Omega-Penny-Obverse-Philadelphia (1).jpg,attributed_Omega-Penny-Obverse-Philadelphia (1).jpg,United States Mint image,https://storage.googleapis.com/us_mint_coin_images/Numista_Attributed_Coins%20%281%29/final_attributed_Omega-Penny-Obverse-Philadelphia (1).jpg
2025-Batman-Gold-Proof-Coin-Obverse (1).jpg,attributed_2025-Batman-Gold-Proof-Coin-Obverse (1).jpg,United States Mint image,https://storage.googleapis.com/us_mint_coin_images/Numista_Attributed_Coins%20%281%29/final_attributed_2025-Batman-Gold-Proof-Coin-Obverse (1).jpg
2025-Peace-Proof-Obverse (1).jpg,attributed_2025-Peace-Proof-Obverse (1).jpg,United States Mint image,https://storage.googleapis.com/us_mint_coin_images/Numista_Attributed_Coins%20%281%29/final_attributed_2025-Peace-Proof-Obverse (1).jpg
2025-american-eagle-gold-one-ounce-proof-coin-obverse.jpg,attributed_2025-american-eagle-gold-one-ounce-proof-coin-obverse.jpg,United States Mint image,https://storage.googleapis.com/us_mint_coin_images/Numista_Attributed_Coins%20%281%29/final_attributed_2025-american-eagle-gold-one-ounce-proof-coin-obverse.jpg
2025-us-marine-corps-250th-anniversary-commemorative-gold-uncirculated-reverse (1).jpg,attributed_2025-us-marine-corps-250th-anniversary-commemorative-gold-uncirculated-reverse (1).jpg,United States Mint image,https://storage.googleapis.com/us_mint_coin_images/Numista_Attributed_Coins%20%281%29/final_attributed_2025-us-marine-corps-250th-anniversary-commemorative-gold-uncirculated-reverse (1).jpg
Penny-Proof-Obverse (1).jpg,attributed_Penny-Proof-Obverse (1).jpg,United States Mint image,https://storage.googleapis.com/us_mint_coin_images/Numista_Attributed_Coins%20%281%29/final_attributed_Penny-Proof-Obverse (1).jpg
SemiQ-Dime-Obverse-Unc-P.jpg,attributed_SemiQ-Dime-Obverse-Unc-P.jpg,United States Mint image,https://storage.googleapis.com/us_mint_coin_images/Numista_Attributed_Coins%20%281%29/final_attributed_SemiQ-Dime-Obverse-Unc-P.jpg
Standing-Liberty-Gold-Obverse.jpg,attributed_Standing-Liberty-Gold-Obverse.jpg,United States Mint image,https://storage.googleapis.com/us_mint_coin_images/Numista_Attributed_Coins%20%281%29/final_attributed_Standing-Liberty-Gold-Obverse.jpg
2025-Morgan-Unc-Reverse (1).jpg,attributed_2025-Morgan-Unc-Reverse (1).jpg,United States Mint image,https://storage.googleapis.com/us_mint_coin_images/Numista_Attributed_Coins%20%281%29/final_attributed_2025-Morgan-Unc-Reverse (1).jpg
SemiQ-Mayflower-Obverse-Unc-P.jpg,attributed_SemiQ-Mayflower-Obverse-Unc-P.jpg,United States Mint image,https://storage.googleapis.com/us_mint_coin_images/Numista_Attributed_Coins%20%281%29/final_attributed_SemiQ-Mayflower-Obverse-Unc-P.jpg
SemiQ-Declaration-Obverse-Unc-D (1).jpg,attributed_SemiQ-Declaration-Obverse-Unc-D (1).jpg,United States Mint image,https://storage.googleapis.com/us_mint_coin_images/Numista_Attributed_Coins%20%281%29/final_attributed_SemiQ-Declaration-Obverse-Unc-D (1).jpg
2025-american-women-quarters-coin-uncirculated-obverse-philadelphia (1).jpg,attributed_2025-american-women-quarters-coin-uncirculated-obverse-philadelphia (1).jpg,United States Mint image,https://storage.googleapis.com/us_mint_coin_images/Numista_Attributed_Coins%20%281%29/final_attributed_2025-american-women-quarters-coin-uncirculated-obverse-philadelphia (1).jpg
SemiQ-Revolutionary-War-Obverse-Proof.jpg,attributed_SemiQ-Revolutionary-War-Obverse-Proof.jpg,United States Mint image,https://storage.googleapis.com/us_mint_coin_images/Numista_Attributed_Coins%20%281%29/final_attributed_SemiQ-Revolutionary-War-Obverse-Proof.jpg
2025-roosevelt-dime-proof-obverse (1).jpg,attributed_2025-roosevelt-dime-proof-obverse (1).jpg,United States Mint image,https://storage.googleapis.com/us_mint_coin_images/Numista_Attributed_Coins%20%281%29/final_attributed_2025-roosevelt-dime-proof-obverse (1).jpg
SemiQ-Nickel-Reverse-Unc.jpg,attributed_SemiQ-Nickel-Reverse-Unc.jpg,United States Mint image,https://storage.googleapis.com/us_mint_coin_images/Numista_Attributed_Coins%20%281%29/final_attributed_SemiQ-Nickel-Reverse-Unc.jpg
2025-us-marine-corps-250th-anniversary-commemorative-silver-uncirculated-obverse.jpg,attributed_2025-us-marine-corps-250th-anniversary-commemorative-silver-uncirculated-obverse.jpg,United States Mint image,https://storage.googleapis.com/us_mint_coin_images/Numista_Attributed_Coins%20%281%29/final_attributed_2025-us-marine-corps-250th-anniversary-commemorative-silver-uncirculated-obverse.jpg
SemiQ-Nickel-Reverse-Unc (1).jpg,attributed_SemiQ-Nickel-Reverse-Unc (1).jpg,United States Mint image,https://storage.googleapis.com/us_mint_coin_images/Numista_Attributed_Coins%20%281%29/final_attributed_SemiQ-Nickel-Reverse-Unc (1).jpg
2025-Wonder-Woman-Gold-Proof-Coin-Obverse (1).jpg,attributed_2025-Wonder-Woman-Gold-Proof-Coin-Obverse (1).jpg,United States Mint image,https://storage.googleapis.com/us_mint_coin_images/Numista_Attributed_Coins%20%281%29/final_attributed_2025-Wonder-Woman-Gold-Proof-Coin-Obverse (1).jpg
American-Eagle-Platinum-Proof-Obverse (1).jpg,attributed_American-Eagle-Platinum-Proof-Obverse (1).jpg,United States Mint image,https://storage.googleapis.com/us_mint_coin_images/Numista_Attributed_Coins%20%281%29/final_attributed_American-Eagle-Platinum-Proof-Obverse (1).jpg
2025-Peace-Unc-Obverse (1).jpg,attributed_2025-Peace-Unc-Obverse (1).jpg,United States Mint image,https://storage.googleapis.com/us_mint_coin_images/Numista_Attributed_Coins%20%281%29/final_attributed_2025-Peace-Unc-Obverse (1).jpg
Nickel-Proof-Reverse.jpg,attributed_Nickel-Proof-Reverse.jpg,United States Mint image,https://storage.googleapis.com/us_mint_coin_images/Numista_Attributed_Coins%20%281%29/final_attributed_Nickel-Proof-Reverse.jpg
2025-Morgan-Proof-Obverse (1).jpg,attributed_2025-Morgan-Proof-Obverse (1).jpg,United States Mint image,https://storage.googleapis.com/us_mint_coin_images/Numista_Attributed_Coins%20%281%29/final_attributed_2025-Morgan-Proof-Obverse (1).jpg
American-Eagle-Silver-Bullion-Reverse.jpg,attributed_American-Eagle-Silver-Bullion-Reverse.jpg,United States Mint image,https://storage.googleapis.com/us_mint_coin_images/Numista_Attributed_Coins%20%281%29/final_attributed_American-Eagle-Silver-Bullion-Reverse.jpg
American-Buffalo-Gold-Bullion-Reverse.jpg,attributed_American-Buffalo-Gold-Bullion-Reverse.jpg,United States Mint image,https://storage.googleapis.com/us_mint_coin_images/Numista_Attributed_Coins%20%281%29/final_attributed_American-Buffalo-Gold-Bullion-Reverse.jpg
2025-roosevelt-dime-proof-obverse.jpg,attributed_2025-roosevelt-dime-proof-obverse.jpg,United States Mint image,https://storage.googleapis.com/us_mint_coin_images/Numista_Attributed_Coins%20%281%29/final_attributed_2025-roosevelt-dime-proof-obverse.jpg
2025-Morgan-Unc-Obverse (1).jpg,attributed_2025-Morgan-Unc-Obverse (1).jpg,United States Mint image,https://storage.googleapis.com/us_mint_coin_images/Numista_Attributed_Coins%20%281%29/final_attributed_2025-Morgan-Unc-Obverse (1).jpg
2023-american-eagle-palladium-one-ounce-uncirculated-coin-obverse.jpg,attributed_2023-american-eagle-palladium-one-ounce-uncirculated-coin-obverse.jpg,United States Mint image,https://storage.googleapis.com/us_mint_coin_images/Numista_Attributed_Coins%20%281%29/final_attributed_2023-american-eagle-palladium-one-ounce-uncirculated-coin-obverse.jpg
2025-us-marine-corps-250th-anniversary-commemorative-clad-uncirculated-obverse.jpg,attributed_2025-us-marine-corps-250th-anniversary-commemorative-clad-uncirculated-obverse.jpg,United States Mint image,https://storage.googleapis.com/us_mint_coin_images/Numista_Attributed_Coins%20%281%29/final_attributed_2025-us-marine-corps-250th-anniversary-commemorative-clad-uncirculated-obverse.jpg
SemiQ-Gettysburg-Reverse-Proof (1).jpg,attributed_SemiQ-Gettysburg-Reverse-Proof (1).jpg,United States Mint image,https://storage.googleapis.com/us_mint_coin_images/Numista_Attributed_Coins%20%281%29/final_attributed_SemiQ-Gettysburg-Reverse-Proof (1).jpg
Native-American-$1-Unc-Obverse (1).jpg,attributed_Native-American-$1-Unc-Obverse (1).jpg,United States Mint image,https://storage.googleapis.com/us_mint_coin_images/Numista_Attributed_Coins%20%281%29/final_attributed_Native-American-$1-Unc-Obverse (1).jpg
SemiQ-Half-Dollar-Reverse-Unc (1).jpg,attributed_SemiQ-Half-Dollar-Reverse-Unc (1).jpg,United States Mint image,https://storage.googleapis.com/us_mint_coin_images/Numista_Attributed_Coins%20%281%29/final_attributed_SemiQ-Half-Dollar-Reverse-Unc (1).jpg
2025-us-marine-corps-250th-anniversary-commemorative-clad-uncirculated-reverse.jpg,attributed_2025-us-marine-corps-250th-anniversary-commemorative-clad-uncirculated-reverse.jpg,United States Mint image,https://storage.googleapis.com/us_mint_coin_images/Numista_Attributed_Coins%20%281%29/final_attributed_2025-us-marine-corps-250th-anniversary-commemorative-clad-uncirculated-reverse.jpg
2023-american-eagle-platinum-one-ounce-bullion-coin-obverse (1).jpg,attributed_2023-american-eagle-platinum-one-ounce-bullion-coin-obverse (1).jpg,United States Mint image,https://storage.googleapis.com/us_mint_coin_images/Numista_Attributed_Coins%20%281%29/final_attributed_2023-american-eagle-platinum-one-ounce-bullion-coin-obverse (1).jpg
Native-American-$1-Unc-Reverse (1).jpg,attributed_Native-American-$1-Unc-Reverse (1).jpg,United States Mint image,https://storage.googleapis.com/us_mint_coin_images/Numista_Attributed_Coins%20%281%29/final_attributed_Native-American-$1-Unc-Reverse (1).jpg
Half-Dollar-Proof-Reverse.jpg,attributed_Half-Dollar-Proof-Reverse.jpg,United States Mint image,https://storage.googleapis.com/us_mint_coin_images/Numista_Attributed_Coins%20%281%29/final_attributed_Half-Dollar-Proof-Reverse.jpg
2024-american-eagle-palladium-one-ounce-proof-coin-reverse (1).jpg,attributed_2024-american-eagle-palladium-one-ounce-proof-coin-reverse (1).jpg,United States Mint image,https://storage.googleapis.com/us_mint_coin_images/Numista_Attributed_Coins%20%281%29/final_attributed_2024-american-eagle-palladium-one-ounce-proof-coin-reverse (1).jpg
American-Eagle-Silver-Bullion-Obverse.jpg,attributed_American-Eagle-Silver-Bullion-Obverse.jpg,United States Mint image,https://storage.googleapis.com/us_mint_coin_images/Numista_Attributed_Coins%20%281%29/final_attributed_American-Eagle-Silver-Bullion-Obverse.jpg
2025-lincoln-penny-proof-obverse (1).jpg,attributed_2025-lincoln-penny-proof-obverse (1).jpg,United States Mint image,https://storage.googleapis.com/us_mint_coin_images/Numista_Attributed_Coins%20%281%29/final_attributed_2025-lincoln-penny-proof-obverse (1).jpg
2025-american-eagle-laser-privy-silver-proof-obverse.jpg,attributed_2025-american-eagle-laser-privy-silver-proof-obverse.jpg,United States Mint image,https://storage.googleapis.com/us_mint_coin_images/Numista_Attributed_Coins%20%281%29/final_attributed_2025-american-eagle-laser-privy-silver-proof-obverse.jpg
2025-jefferson-nickel-uncirculated-reverse.jpg,attributed_2025-jefferson-nickel-uncirculated-reverse.jpg,United States Mint image,https://storage.googleapis.com/us_mint_coin_images/Numista_Attributed_Coins%20%281%29/final_attributed_2025-jefferson-nickel-uncirculated-reverse.jpg
Dime-Proof-Reverse.jpg,attributed_Dime-Proof-Reverse.jpg,United States Mint image,https://storage.googleapis.com/us_mint_coin_images/Numista_Attributed_Coins%20%281%29/final_attributed_Dime-Proof-Reverse.jpg
SemiQ-Gettysburg-Obverse-Unc-D (1).jpg,attributed_SemiQ-Gettysburg-Obverse-Unc-D (1).jpg,United States Mint image,https://storage.googleapis.com/us_mint_coin_images/Numista_Attributed_Coins%20%281%29/final_attributed_SemiQ-Gettysburg-Obverse-Unc-D (1).jpg
Mercury-Dime-Gold-Obverse.jpg,attributed_Mercury-Dime-Gold-Obverse.jpg,United States Mint image,https://storage.googleapis.com/us_mint_coin_images/Numista_Attributed_Coins%20%281%29/final_attributed_Mercury-Dime-Gold-Obverse.jpg
Omega-Penny-Obverse-Gold.jpg,attributed_Omega-Penny-Obverse-Gold.jpg,United States Mint image,https://storage.googleapis.com/us_mint_coin_images/Numista_Attributed_Coins%20%281%29/final_attributed_Omega-Penny-Obverse-Gold.jpg
Walking-Liberty-Gold-Reverse.jpg,attributed_Walking-Liberty-Gold-Reverse.jpg,United States Mint image,https://storage.googleapis.com/us_mint_coin_images/Numista_Attributed_Coins%20%281%29/final_attributed_Walking-Liberty-Gold-Reverse.jpg
2025-Superman-Gold-Obverse.jpg,attributed_2025-Superman-Gold-Obverse.jpg,United States Mint image,https://storage.googleapis.com/us_mint_coin_images/Numista_Attributed_Coins%20%281%29/final_attributed_2025-Superman-Gold-Obverse.jpg
2025-native-american-one-dollar-proof-coin-obverse.jpg,attributed_2025-native-american-one-dollar-proof-coin-obverse.jpg,United States Mint image,https://storage.googleapis.com/us_mint_coin_images/Numista_Attributed_Coins%20%281%29/final_attributed_2025-native-american-one-dollar-proof-coin-obverse.jpg
SemiQ-Gettysburg-Obverse-Unc-D.jpg,attributed_SemiQ-Gettysburg-Obverse-Unc-D.jpg,United States Mint image,https://storage.googleapis.com/us_mint_coin_images/Numista_Attributed_Coins%20%281%29/final_attributed_SemiQ-Gettysburg-Obverse-Unc-D.jpg
2007-presidential-dollar-coin-george-washington-uncirculated-obverse.jpg,attributed_2007-presidential-dollar-coin-george-washington-uncirculated-obverse.jpg,United States Mint image,https://storage.googleapis.com/us_mint_coin_images/Numista_Attributed_Coins%20%281%29/final_attributed_2007-presidential-dollar-coin-george-washington-uncirculated-obverse.jpg
2025-american-women-quarters-coin-stacey-park-milbern-proof-reverse.jpg,attributed_2025-american-women-quarters-coin-stacey-park-milbern-proof-reverse.jpg,United States Mint image,https://storage.googleapis.com/us_mint_coin_images/Numista_Attributed_Coins%20%281%29/final_attributed_2025-american-women-quarters-coin-stacey-park-milbern-proof-reverse.jpg
Penny-Proof-Reverse.jpg,attributed_Penny-Proof-Reverse.jpg,United States Mint image,https://storage.googleapis.com/us_mint_coin_images/Numista_Attributed_Coins%20%281%29/final_attributed_Penny-Proof-Reverse.jpg
SemiQ-Penny-Obverse-Unc-D (1).jpg,attributed_SemiQ-Penny-Obverse-Unc-D (1).jpg,United States Mint image,https://storage.googleapis.com/us_mint_coin_images/Numista_Attributed_Coins%20%281%29/final_attributed_SemiQ-Penny-Obverse-Unc-D (1).jpg
Native-American-$1-Proof-Obverse (1).jpg,attributed_Native-American-$1-Proof-Obverse (1).jpg,United States Mint image,https://storage.googleapis.com/us_mint_coin_images/Numista_Attributed_Coins%20%281%29/final_attributed_Native-American-$1-Proof-Obverse (1).jpg
2025-jefferson-nickel-uncirculated-obverse-philadelphia.jpg,attributed_2025-jefferson-nickel-uncirculated-obverse-philadelphia.jpg,United States Mint image,https://storage.googleapis.com/us_mint_coin_images/Numista_Attributed_Coins%20%281%29/final_attributed_2025-jefferson-nickel-uncirculated-obverse-philadelphia.jpg
2025-american-buffalo-one-ounce-gold-proof-coin-obverse (1).jpg,attributed_2025-american-buffalo-one-ounce-gold-proof-coin-obverse (1).jpg,United States Mint image,https://storage.googleapis.com/us_mint_coin_images/Numista_Attributed_Coins%20%281%29/final_attributed_2025-american-buffalo-one-ounce-gold-proof-coin-obverse (1).jpg
American-Eagle-Gold-Bullion-1oz-Reverse.jpg,attributed_American-Eagle-Gold-Bullion-1oz-Reverse.jpg,United States Mint image,https://storage.googleapis.com/us_mint_coin_images/Numista_Attributed_Coins%20%281%29/final_attributed_American-Eagle-Gold-Bullion-1oz-Reverse.jpg
2025-american-women-quarters-coin-juliette-gordon-low-uncirculated-reverse.jpg,attributed_2025-american-women-quarters-coin-juliette-gordon-low-uncirculated-reverse.jpg,United States Mint image,https://storage.googleapis.com/us_mint_coin_images/Numista_Attributed_Coins%20%281%29/final_attributed_2025-american-women-quarters-coin-juliette-gordon-low-uncirculated-reverse.jpg
2023-american-eagle-palladium-one-ounce-uncirculated-coin-reverse (1).jpg,attributed_2023-american-eagle-palladium-one-ounce-uncirculated-coin-reverse (1).jpg,United States Mint image,https://storage.googleapis.com/us_mint_coin_images/Numista_Attributed_Coins%20%281%29/final_attributed_2023-american-eagle-palladium-one-ounce-uncirculated-coin-reverse (1).jpg
1804-dollar-gold-obverse (1).jpg,attributed_1804-dollar-gold-obverse (1).jpg,United States Mint image,https://storage.googleapis.com/us_mint_coin_images/Numista_Attributed_Coins%20%281%29/final_attributed_1804-dollar-gold-obverse (1).jpg
2025-american-women-quarters-coin-althea-gibson-uncirculated-reverse (1).jpg,attributed_2025-american-women-quarters-coin-althea-gibson-uncirculated-reverse (1).jpg,United States Mint image,https://storage.googleapis.com/us_mint_coin_images/Numista_Attributed_Coins%20%281%29/final_attributed_2025-american-women-quarters-coin-althea-gibson-uncirculated-reverse (1).jpg
2025-lincoln-penny-proof-reverse.jpg,attributed_2025-lincoln-penny-proof-reverse.jpg,United States Mint image,https://storage.googleapis.com/us_mint_coin_images/Numista_Attributed_Coins%20%281%29/final_attributed_2025-lincoln-penny-proof-reverse.jpg
2025-american-eagle-silver-proof-navy-privy-reverse (1).jpg,attributed_2025-american-eagle-silver-proof-navy-privy-reverse (1).jpg,United States Mint image,https://storage.googleapis.com/us_mint_coin_images/Numista_Attributed_Coins%20%281%29/final_attributed_2025-american-eagle-silver-proof-navy-privy-reverse (1).jpg
2007-presidential-dollar-coin-uncirculated-reverse.jpg,attributed_2007-presidential-dollar-coin-uncirculated-reverse.jpg,United States Mint image,https://storage.googleapis.com/us_mint_coin_images/Numista_Attributed_Coins%20%281%29/final_attributed_2007-presidential-dollar-coin-uncirculated-reverse.jpg
Native-American-$1-Proof-Reverse.jpg,attributed_Native-American-$1-Proof-Reverse.jpg,United States Mint image,https://storage.googleapis.com/us_mint_coin_images/Numista_Attributed_Coins%20%281%29/final_attributed_Native-American-$1-Proof-Reverse.jpg
SemiQ-Dime-Reverse-Unc (1).jpg,attributed_SemiQ-Dime-Reverse-Unc (1).jpg,United States Mint image,https://storage.googleapis.com/us_mint_coin_images/Numista_Attributed_Coins%20%281%29/final_attributed_SemiQ-Dime-Reverse-Unc (1).jpg
2025-jefferson-nickel-uncirculated-reverse (1).jpg,attributed_2025-jefferson-nickel-uncirculated-reverse (1).jpg,United States Mint image,https://storage.googleapis.com/us_mint_coin_images/Numista_Attributed_Coins%20%281%29/final_attributed_2025-jefferson-nickel-uncirculated-reverse (1).jpg
2025-Wonder-Woman-Gold-Proof-Coin-Reverse (1).jpg,attributed_2025-Wonder-Woman-Gold-Proof-Coin-Reverse (1).jpg,United States Mint image,https://storage.googleapis.com/us_mint_coin_images/Numista_Attributed_Coins%20%281%29/final_attributed_2025-Wonder-Woman-Gold-Proof-Coin-Reverse (1).jpg
Mercury-Dime-Gold-Reverse.jpg,attributed_Mercury-Dime-Gold-Reverse.jpg,United States Mint image,https://storage.googleapis.com/us_mint_coin_images/Numista_Attributed_Coins%20%281%29/final_attributed_Mercury-Dime-Gold-Reverse.jpg
SemiQ-Mayflower-Reverse-Unc (1).jpg,attributed_SemiQ-Mayflower-Reverse-Unc (1).jpg,United States Mint image,https://storage.googleapis.com/us_mint_coin_images/Numista_Attributed_Coins%20%281%29/final_attributed_SemiQ-Mayflower-Reverse-Unc (1).jpg
2025-american-women-quarters-coin-althea-gibson-proof-reverse.jpg,attributed_2025-american-women-quarters-coin-althea-gibson-proof-reverse.jpg,United States Mint image,https://storage.googleapis.com/us_mint_coin_images/Numista_Attributed_Coins%20%281%29/final_attributed_2025-american-women-quarters-coin-althea-gibson-proof-reverse.jpg
2025-Batman-Gold-Proof-Coin-Reverse (1).jpg,attributed_2025-Batman-Gold-Proof-Coin-Reverse (1).jpg,United States Mint image,https://storage.googleapis.com/us_mint_coin_images/Numista_Attributed_Coins%20%281%29/final_attributed_2025-Batman-Gold-Proof-Coin-Reverse (1).jpg
1804-dollar-gold-obverse.jpg,attributed_1804-dollar-gold-obverse.jpg,United States Mint image,https://storage.googleapis.com/us_mint_coin_images/Numista_Attributed_Coins%20%281%29/final_attributed_1804-dollar-gold-obverse.jpg
2025-Wonder-Woman-Gold-Proof-Coin-Reverse.jpg,attributed_2025-Wonder-Woman-Gold-Proof-Coin-Reverse.jpg,United States Mint image,https://storage.googleapis.com/us_mint_coin_images/Numista_Attributed_Coins%20%281%29/final_attributed_2025-Wonder-Woman-Gold-Proof-Coin-Reverse.jpg
SemiQ-Half-Dollar-Obverse-Unc-D.jpg,attributed_SemiQ-Half-Dollar-Obverse-Unc-D.jpg,United States Mint image,https://storage.googleapis.com/us_mint_coin_images/Numista_Attributed_Coins%20%281%29/final_attributed_SemiQ-Half-Dollar-Obverse-Unc-D.jpg
2025-roosevelt-dime-uncirculated-obverse-denver (1).jpg,attributed_2025-roosevelt-dime-uncirculated-obverse-denver (1).jpg,United States Mint image,https://storage.googleapis.com/us_mint_coin_images/Numista_Attributed_Coins%20%281%29/final_attributed_2025-roosevelt-dime-uncirculated-obverse-denver (1).jpg
Half-Dollar-Proof-Obverse.jpg,attributed_Half-Dollar-Proof-Obverse.jpg,United States Mint image,https://storage.googleapis.com/us_mint_coin_images/Numista_Attributed_Coins%20%281%29/final_attributed_Half-Dollar-Proof-Obverse.jpg
2025-lincoln-penny-uncirculated-reverse (1).jpg,attributed_2025-lincoln-penny-uncirculated-reverse (1).jpg,United States Mint image,https://storage.googleapis.com/us_mint_coin_images/Numista_Attributed_Coins%20%281%29/final_attributed_2025-lincoln-penny-uncirculated-reverse (1).jpg
2025-lincoln-penny-proof-obverse.jpg,attributed_2025-lincoln-penny-proof-obverse.jpg,United States Mint image,https://storage.googleapis.com/us_mint_coin_images/Numista_Attributed_Coins%20%281%29/final_attributed_2025-lincoln-penny-proof-obverse.jpg
2025-american-women-quarters-coin-uncirculated-obverse-denver.jpg,attributed_2025-american-women-quarters-coin-uncirculated-obverse-denver.jpg,United States Mint image,https://storage.googleapis.com/us_mint_coin_images/Numista_Attributed_Coins%20%281%29/final_attributed_2025-american-women-quarters-coin-uncirculated-obverse-denver.jpg
SemiQ-Mayflower-Obverse-Proof.jpg,attributed_SemiQ-Mayflower-Obverse-Proof.jpg,United States Mint image,https://storage.googleapis.com/us_mint_coin_images/Numista_Attributed_Coins%20%281%29/final_attributed_SemiQ-Mayflower-Obverse-Proof.jpg
American-Innovation-Unc-Reverse-California (1).jpg,attributed_American-Innovation-Unc-Reverse-California (1).jpg,United States Mint image,https://storage.googleapis.com/us_mint_coin_images/Numista_Attributed_Coins%20%281%29/final_attributed_American-Innovation-Unc-Reverse-California (1).jpg
2025-Peace-Unc-Obverse.jpg,attributed_2025-Peace-Unc-Obverse.jpg,United States Mint image,https://storage.googleapis.com/us_mint_coin_images/Numista_Attributed_Coins%20%281%29/final_attributed_2025-Peace-Unc-Obverse.jpg
SemiQ-Declaration-Obverse-Unc-P (1).jpg,attributed_SemiQ-Declaration-Obverse-Unc-P (1).jpg,United States Mint image,https://storage.googleapis.com/us_mint_coin_images/Numista_Attributed_Coins%20%281%29/final_attributed_SemiQ-Declaration-Obverse-Unc-P (1).jpg
2025-Peace-Unc-Reverse (1).jpg,attributed_2025-Peace-Unc-Reverse (1).jpg,United States Mint image,https://storage.googleapis.com/us_mint_coin_images/Numista_Attributed_Coins%20%281%29/final_attributed_2025-Peace-Unc-Reverse (1).jpg
2025-us-marine-corps-250th-anniversary-commemorative-clad-proof-obverse.jpg,attributed_2025-us-marine-corps-250th-anniversary-commemorative-clad-proof-obverse.jpg,United States Mint image,https://storage.googleapis.com/us_mint_coin_images/Numista_Attributed_Coins%20%281%29/final_attributed_2025-us-marine-corps-250th-anniversary-commemorative-clad-proof-obverse.jpg
2025-roosevelt-dime-uncirculated-obverse-philadelphia (1).jpg,attributed_2025-roosevelt-dime-uncirculated-obverse-philadelphia (1).jpg,United States Mint image,https://storage.googleapis.com/us_mint_coin_images/Numista_Attributed_Coins%20%281%29/final_attributed_2025-roosevelt-dime-uncirculated-obverse-philadelphia (1).jpg
SemiQ-Half-Dollar-Obverse-Unc-P (1).jpg,attributed_SemiQ-Half-Dollar-Obverse-Unc-P (1).jpg,United States Mint image,https://storage.googleapis.com/us_mint_coin_images/Numista_Attributed_Coins%20%281%29/final_attributed_SemiQ-Half-Dollar-Obverse-Unc-P (1).jpg
SemiQ-Penny-Reverse-Unc.jpg,attributed_SemiQ-Penny-Reverse-Unc.jpg,United States Mint image,https://storage.googleapis.com/us_mint_coin_images/Numista_Attributed_Coins%20%281%29/final_attributed_SemiQ-Penny-Reverse-Unc.jpg
American-Eagle-Silver-Bullion-Obverse (1).jpg,attributed_American-Eagle-Silver-Bullion-Obverse (1).jpg,United States Mint image,https://storage.googleapis.com/us_mint_coin_images/Numista_Attributed_Coins%20%281%29/final_attributed_American-Eagle-Silver-Bullion-Obverse (1).jpg
Dime-Proof-Obverse (1).jpg,attributed_Dime-Proof-Obverse (1).jpg,United States Mint image,https://storage.googleapis.com/us_mint_coin_images/Numista_Attributed_Coins%20%281%29/final_attributed_Dime-Proof-Obverse (1).jpg
2025-us-marine-corps-250th-anniversary-commemorative-gold-uncirculated-obverse (1).jpg,attributed_2025-us-marine-corps-250th-anniversary-commemorative-gold-uncirculated-obverse (1).jpg,United States Mint image,https://storage.googleapis.com/us_mint_coin_images/Numista_Attributed_Coins%20%281%29/final_attributed_2025-us-marine-corps-250th-anniversary-commemorative-gold-uncirculated-obverse (1).jpg
SemiQ-Declaration-Obverse-Unc-D.jpg,attributed_SemiQ-Declaration-Obverse-Unc-D.jpg,United States Mint image,https://storage.googleapis.com/us_mint_coin_images/Numista_Attributed_Coins%20%281%29/final_attributed_SemiQ-Declaration-Obverse-Unc-D.jpg
2025-american-women-quarters-coin-stacey-park-milbern-proof-reverse (1).jpg,attributed_2025-american-women-quarters-coin-stacey-park-milbern-proof-reverse (1).jpg,United States Mint image,https://storage.googleapis.com/us_mint_coin_images/Numista_Attributed_Coins%20%281%29/final_attributed_2025-american-women-quarters-coin-stacey-park-milbern-proof-reverse (1).jpg
2025-roosevelt-dime-uncirculated-reverse.jpg,attributed_2025-roosevelt-dime-uncirculated-reverse.jpg,United States Mint image,https://storage.googleapis.com/us_mint_coin_images/Numista_Attributed_Coins%20%281%29/final_attributed_2025-roosevelt-dime-uncirculated-reverse.jpg
2025-american-eagle-gold-one-ounce-proof-coin-obverse (1).jpg,attributed_2025-american-eagle-gold-one-ounce-proof-coin-obverse (1).jpg,United States Mint image,https://storage.googleapis.com/us_mint_coin_images/Numista_Attributed_Coins%20%281%29/final_attributed_2025-american-eagle-gold-one-ounce-proof-coin-obverse (1).jpg
2025-us-marine-corps-250th-anniversary-commemorative-silver-uncirculated-obverse (1).jpg,attributed_2025-us-marine-corps-250th-anniversary-commemorative-silver-uncirculated-obverse (1).jpg,United States Mint image,https://storage.googleapis.com/us_mint_coin_images/Numista_Attributed_Coins%20%281%29/final_attributed_2025-us-marine-corps-250th-anniversary-commemorative-silver-uncirculated-obverse (1).jpg
2025-american-women-quarters-coin-stacey-park-milbern-uncirculated-reverse (1).jpg,attributed_2025-american-women-quarters-coin-stacey-park-milbern-uncirculated-reverse (1).jpg,United States Mint image,https://storage.googleapis.com/us_mint_coin_images/Numista_Attributed_Coins%20%281%29/final_attributed_2025-american-women-quarters-coin-stacey-park-milbern-uncirculated-reverse (1).jpg
2025-american-eagle-silver-proof-usmc-privy-reverse.jpg,attributed_2025-american-eagle-silver-proof-usmc-privy-reverse.jpg,United States Mint image,https://storage.googleapis.com/us_mint_coin_images/Numista_Attributed_Coins%20%281%29/final_attributed_2025-american-eagle-silver-proof-usmc-privy-reverse.jpg
SemiQ-Mayflower-Obverse-Unc-D.jpg,attributed_SemiQ-Mayflower-Obverse-Unc-D.jpg,United States Mint image,https://storage.googleapis.com/us_mint_coin_images/Numista_Attributed_Coins%20%281%29/final_attributed_SemiQ-Mayflower-Obverse-Unc-D.jpg
2024-american-eagle-palladium-one-ounce-proof-coin-obverse.jpg,attributed_2024-american-eagle-palladium-one-ounce-proof-coin-obverse.jpg,United States Mint image,https://storage.googleapis.com/us_mint_coin_images/Numista_Attributed_Coins%20%281%29/final_attributed_2024-american-eagle-palladium-one-ounce-proof-coin-obverse.jpg
2025-us-marine-corps-250th-anniversary-commemorative-gold-proof-obverse (1).jpg,attributed_2025-us-marine-corps-250th-anniversary-commemorative-gold-proof-obverse (1).jpg,United States Mint image,https://storage.googleapis.com/us_mint_coin_images/Numista_Attributed_Coins%20%281%29/final_attributed_2025-us-marine-corps-250th-anniversary-commemorative-gold-proof-obverse (1).jpg
2025-american-women-quarters-coin-althea-gibson-proof-reverse (1).jpg,attributed_2025-american-women-quarters-coin-althea-gibson-proof-reverse (1).jpg,United States Mint image,https://storage.googleapis.com/us_mint_coin_images/Numista_Attributed_Coins%20%281%29/final_attributed_2025-american-women-quarters-coin-althea-gibson-proof-reverse (1).jpg
SemiQ-Revolutionary-War-Reverse-Proof (1).jpg,attributed_SemiQ-Revolutionary-War-Reverse-Proof (1).jpg,United States Mint image,https://storage.googleapis.com/us_mint_coin_images/Numista_Attributed_Coins%20%281%29/final_attributed_SemiQ-Revolutionary-War-Reverse-Proof (1).jpg
2023-american-eagle-platinum-one-ounce-bullion-coin-reverse.jpg,attributed_2023-american-eagle-platinum-one-ounce-bullion-coin-reverse.jpg,United States Mint image,https://storage.googleapis.com/us_mint_coin_images/Numista_Attributed_Coins%20%281%29/final_attributed_2023-american-eagle-platinum-one-ounce-bullion-coin-reverse.jpg
American-Eagle-Silver-Proof-Privy-Obverse (1).jpg,attributed_American-Eagle-Silver-Proof-Privy-Obverse (1).jpg,United States Mint image,https://storage.googleapis.com/us_mint_coin_images/Numista_Attributed_Coins%20%281%29/final_attributed_American-Eagle-Silver-Proof-Privy-Obverse (1).jpg
American-Eagle-Gold-Bullion-1oz-Obverse (1).jpg,attributed_American-Eagle-Gold-Bullion-1oz-Obverse (1).jpg,United States Mint image,https://storage.googleapis.com/us_mint_coin_images/Numista_Attributed_Coins%20%281%29/final_attributed_American-Eagle-Gold-Bullion-1oz-Obverse (1).jpg
Standing-Liberty-Gold-Reverse.jpg,attributed_Standing-Liberty-Gold-Reverse.jpg,United States Mint image,https://storage.googleapis.com/us_mint_coin_images/Numista_Attributed_Coins%20%281%29/final_attributed_Standing-Liberty-Gold-Reverse.jpg
SemiQ-Revolutionary-War-Reverse-Proof.jpg,attributed_SemiQ-Revolutionary-War-Reverse-Proof.jpg,United States Mint image,https://storage.googleapis.com/us_mint_coin_images/Numista_Attributed_Coins%20%281%29/final_attributed_SemiQ-Revolutionary-War-Reverse-Proof.jpg
2025-american-women-quarters-coin-vera-rubin-proof-reverse.jpg,attributed_2025-american-women-quarters-coin-vera-rubin-proof-reverse.jpg,United States Mint image,https://storage.googleapis.com/us_mint_coin_images/Numista_Attributed_Coins%20%281%29/final_attributed_2025-american-women-quarters-coin-vera-rubin-proof-reverse.jpg
2025-us-marine-corps-250th-anniversary-commemorative-clad-uncirculated-reverse (1).jpg,attributed_2025-us-marine-corps-250th-anniversary-commemorative-clad-uncirculated-reverse (1).jpg,United States Mint image,https://storage.googleapis.com/us_mint_coin_images/Numista_Attributed_Coins%20%281%29/final_attributed_2025-us-marine-corps-250th-anniversary-commemorative-clad-uncirculated-reverse (1).jpg
1804-dollar-gold-reverse (1).jpg,attributed_1804-dollar-gold-reverse (1).jpg,United States Mint image,https://storage.googleapis.com/us_mint_coin_images/Numista_Attributed_Coins%20%281%29/final_attributed_1804-dollar-gold-reverse (1).jpg
2025-american-eagle-silver-proof-usmc-privy-obverse (1).jpg,attributed_2025-american-eagle-silver-proof-usmc-privy-obverse (1).jpg,United States Mint image,https://storage.googleapis.com/us_mint_coin_images/Numista_Attributed_Coins%20%281%29/final_attributed_2025-american-eagle-silver-proof-usmc-privy-obverse (1).jpg
Omega-Penny-Reverse-Gold.jpg,attributed_Omega-Penny-Reverse-Gold.jpg,United States Mint image,https://storage.googleapis.com/us_mint_coin_images/Numista_Attributed_Coins%20%281%29/final_attributed_Omega-Penny-Reverse-Gold.jpg
American-Eagle-Gold-Bullion-1oz-Reverse (1).jpg,attributed_American-Eagle-Gold-Bullion-1oz-Reverse (1).jpg,United States Mint image,https://storage.googleapis.com/us_mint_coin_images/Numista_Attributed_Coins%20%281%29/final_attributed_American-Eagle-Gold-Bullion-1oz-Reverse (1).jpg
2025-native-american-one-dollar-proof-coin-reverse.jpg,attributed_2025-native-american-one-dollar-proof-coin-reverse.jpg,United States Mint image,https://storage.googleapis.com/us_mint_coin_images/Numista_Attributed_Coins%20%281%29/final_attributed_2025-native-american-one-dollar-proof-coin-reverse.jpg
SemiQ-Dime-Obverse-Unc-D.jpg,attributed_SemiQ-Dime-Obverse-Unc-D.jpg,United States Mint image,https://storage.googleapis.com/us_mint_coin_images/Numista_Attributed_Coins%20%281%29/final_attributed_SemiQ-Dime-Obverse-Unc-D.jpg
2025-american-eagle-platinum-proof-coin-reverse (1).jpg,attributed_2025-american-eagle-platinum-proof-coin-reverse (1).jpg,United States Mint image,https://storage.googleapis.com/us_mint_coin_images/Numista_Attributed_Coins%20%281%29/final_attributed_2025-american-eagle-platinum-proof-coin-reverse (1).jpg
2023-american-eagle-palladium-one-ounce-bullion-coin-obverse (1).jpg,attributed_2023-american-eagle-palladium-one-ounce-bullion-coin-obverse (1).jpg,United States Mint image,https://storage.googleapis.com/us_mint_coin_images/Numista_Attributed_Coins%20%281%29/final_attributed_2023-american-eagle-palladium-one-ounce-bullion-coin-obverse (1).jpg
1907-saint-gaudens-semiq-gold-obverse (1).jpg,attributed_1907-saint-gaudens-semiq-gold-obverse (1).jpg,United States Mint image,https://storage.googleapis.com/us_mint_coin_images/Numista_Attributed_Coins%20%281%29/final_attributed_1907-saint-gaudens-semiq-gold-obverse (1).jpg
2025-Batman-Gold-Proof-Coin-Obverse.jpg,attributed_2025-Batman-Gold-Proof-Coin-Obverse.jpg,United States Mint image,https://storage.googleapis.com/us_mint_coin_images/Numista_Attributed_Coins%20%281%29/final_attributed_2025-Batman-Gold-Proof-Coin-Obverse.jpg
SemiQ-Mayflower-Reverse-Proof.jpg,attributed_SemiQ-Mayflower-Reverse-Proof.jpg,United States Mint image,https://storage.googleapis.com/us_mint_coin_images/Numista_Attributed_Coins%20%281%29/final_attributed_SemiQ-Mayflower-Reverse-Proof.jpg
2025-Morgan-Proof-Reverse.jpg,attributed_2025-Morgan-Proof-Reverse.jpg,United States Mint image,https://storage.googleapis.com/us_mint_coin_images/Numista_Attributed_Coins%20%281%29/final_attributed_2025-Morgan-Proof-Reverse.jpg
2025-us-marine-corps-250th-anniversary-commemorative-silver-uncirculated-reverse.jpg,attributed_2025-us-marine-corps-250th-anniversary-commemorative-silver-uncirculated-reverse.jpg,United States Mint image,https://storage.googleapis.com/us_mint_coin_images/Numista_Attributed_Coins%20%281%29/final_attributed_2025-us-marine-corps-250th-anniversary-commemorative-silver-uncirculated-reverse.jpg
2025-american-eagle-silver-proof-navy-privy-obverse.jpg,attributed_2025-american-eagle-silver-proof-navy-privy-obverse.jpg,United States Mint image,https://storage.googleapis.com/us_mint_coin_images/Numista_Attributed_Coins%20%281%29/final_attributed_2025-american-eagle-silver-proof-navy-privy-obverse.jpg
SemiQ-Revolutionary-War-Reverse-Unc.jpg,attributed_SemiQ-Revolutionary-War-Reverse-Unc.jpg,United States Mint image,https://storage.googleapis.com/us_mint_coin_images/Numista_Attributed_Coins%20%281%29/final_attributed_SemiQ-Revolutionary-War-Reverse-Unc.jpg
American-Eagle-Gold-Proof-Obverse (1).jpg,attributed_American-Eagle-Gold-Proof-Obverse (1).jpg,United States Mint image,https://storage.googleapis.com/us_mint_coin_images/Numista_Attributed_Coins%20%281%29/final_attributed_American-Eagle-Gold-Proof-Obverse (1).jpg
2025-Peace-Proof-Reverse (1).jpg,attributed_2025-Peace-Proof-Reverse (1).jpg,United States Mint image,https://storage.googleapis.com/us_mint_coin_images/Numista_Attributed_Coins%20%281%29/final_attributed_2025-Peace-Proof-Reverse (1).jpg
Walking-Liberty-Gold-Obverse (1).jpg,attributed_Walking-Liberty-Gold-Obverse (1).jpg,United States Mint image,https://storage.googleapis.com/us_mint_coin_images/Numista_Attributed_Coins%20%281%29/final_attributed_Walking-Liberty-Gold-Obverse (1).jpg
SemiQ-Declaration-Reverse-Unc (1).jpg,attributed_SemiQ-Declaration-Reverse-Unc (1).jpg,United States Mint image,https://storage.googleapis.com/us_mint_coin_images/Numista_Attributed_Coins%20%281%29/final_attributed_SemiQ-Declaration-Reverse-Unc (1).jpg
2023-american-eagle-platinum-one-ounce-bullion-coin-obverse.jpg,attributed_2023-american-eagle-platinum-one-ounce-bullion-coin-obverse.jpg,United States Mint image,https://storage.googleapis.com/us_mint_coin_images/Numista_Attributed_Coins%20%281%29/final_attributed_2023-american-eagle-platinum-one-ounce-bullion-coin-obverse.jpg
2025-native-american-one-dollar-uncirculated-coin-reverse.jpg,attributed_2025-native-american-one-dollar-uncirculated-coin-reverse.jpg,United States Mint image,https://storage.googleapis.com/us_mint_coin_images/Numista_Attributed_Coins%20%281%29/final_attributed_2025-native-american-one-dollar-uncirculated-coin-reverse.jpg
American-Eagle-Silver-Proof-Privy-Obverse.jpg,attributed_American-Eagle-Silver-Proof-Privy-Obverse.jpg,United States Mint image,https://storage.googleapis.com/us_mint_coin_images/Numista_Attributed_Coins%20%281%29/final_attributed_American-Eagle-Silver-Proof-Privy-Obverse.jpg
Omega-Penny-Obverse-Denver (1).jpg,attributed_Omega-Penny-Obverse-Denver (1).jpg,United States Mint image,https://storage.googleapis.com/us_mint_coin_images/Numista_Attributed_Coins%20%281%29/final_attributed_Omega-Penny-Obverse-Denver (1).jpg
SemiQ-Gettysburg-Reverse-Unc (1).jpg,attributed_SemiQ-Gettysburg-Reverse-Unc (1).jpg,United States Mint image,https://storage.googleapis.com/us_mint_coin_images/Numista_Attributed_Coins%20%281%29/final_attributed_SemiQ-Gettysburg-Reverse-Unc (1).jpg
2025-american-eagle-silver-proof-usmc-privy-reverse (1).jpg,attributed_2025-american-eagle-silver-proof-usmc-privy-reverse (1).jpg,United States Mint image,https://storage.googleapis.com/us_mint_coin_images/Numista_Attributed_Coins%20%281%29/final_attributed_2025-american-eagle-silver-proof-usmc-privy-reverse (1).jpg
SemiQ-Dime-Obverse-Unc-P (1).jpg,attributed_SemiQ-Dime-Obverse-Unc-P (1).jpg,United States Mint image,https://storage.googleapis.com/us_mint_coin_images/Numista_Attributed_Coins%20%281%29/final_attributed_SemiQ-Dime-Obverse-Unc-P (1).jpg
2023-american-eagle-palladium-one-ounce-bullion-coin-reverse.jpg,attributed_2023-american-eagle-palladium-one-ounce-bullion-coin-reverse.jpg,United States Mint image,https://storage.googleapis.com/us_mint_coin_images/Numista_Attributed_Coins%20%281%29/final_attributed_2023-american-eagle-palladium-one-ounce-bullion-coin-reverse.jpg
2025-american-eagle-gold-one-ounce-uncirculated-coin-reverse.jpg,attributed_2025-american-eagle-gold-one-ounce-uncirculated-coin-reverse.jpg,United States Mint image,https://storage.googleapis.com/us_mint_coin_images/Numista_Attributed_Coins%20%281%29/final_attributed_2025-american-eagle-gold-one-ounce-uncirculated-coin-reverse.jpg
2025-american-women-quarters-coin-juliette-gordon-low-proof-reverse (1).jpg,attributed_2025-american-women-quarters-coin-juliette-gordon-low-proof-reverse (1).jpg,United States Mint image,https://storage.googleapis.com/us_mint_coin_images/Numista_Attributed_Coins%20%281%29/final_attributed_2025-american-women-quarters-coin-juliette-gordon-low-proof-reverse (1).jpg
2025-american-buffalo-one-ounce-gold-proof-coin-reverse (1).jpg,attributed_2025-american-buffalo-one-ounce-gold-proof-coin-reverse (1).jpg,United States Mint image,https://storage.googleapis.com/us_mint_coin_images/Numista_Attributed_Coins%20%281%29/final_attributed_2025-american-buffalo-one-ounce-gold-proof-coin-reverse (1).jpg
2025-lincoln-penny-uncirculated-obverse-denver (1).jpg,attributed_2025-lincoln-penny-uncirculated-obverse-denver (1).jpg,United States Mint image,https://storage.googleapis.com/us_mint_coin_images/Numista_Attributed_Coins%20%281%29/final_attributed_2025-lincoln-penny-uncirculated-obverse-denver (1).jpg
American-Innovation-Unc-Reverse-Iowa (1).jpg,attributed_American-Innovation-Unc-Reverse-Iowa (1).jpg,United States Mint image,https://storage.googleapis.com/us_mint_coin_images/Numista_Attributed_Coins%20%281%29/final_attributed_American-Innovation-Unc-Reverse-Iowa (1).jpg
American-Innovation-Unc-Obverse.jpg,attributed_American-Innovation-Unc-Obverse.jpg,United States Mint image,https://storage.googleapis.com/us_mint_coin_images/Numista_Attributed_Coins%20%281%29/final_attributed_American-Innovation-Unc-Obverse.jpg
SemiQ-Constitution-Obverse-Unc-P.jpg,attributed_SemiQ-Constitution-Obverse-Unc-P.jpg,United States Mint image,https://storage.googleapis.com/us_mint_coin_images/Numista_Attributed_Coins%20%281%29/final_attributed_SemiQ-Constitution-Obverse-Unc-P.jpg
Mercury-Dime-Gold-Reverse (1).jpg,attributed_Mercury-Dime-Gold-Reverse (1).jpg,United States Mint image,https://storage.googleapis.com/us_mint_coin_images/Numista_Attributed_Coins%20%281%29/final_attributed_Mercury-Dime-Gold-Reverse (1).jpg
2025-us-marine-corps-250th-anniversary-commemorative-clad-proof-obverse (1).jpg,attributed_2025-us-marine-corps-250th-anniversary-commemorative-clad-proof-obverse (1).jpg,United States Mint image,https://storage.googleapis.com/us_mint_coin_images/Numista_Attributed_Coins%20%281%29/final_attributed_2025-us-marine-corps-250th-anniversary-commemorative-clad-proof-obverse (1).jpg
2025-american-eagle-silver-proof-navy-privy-reverse.jpg,attributed_2025-american-eagle-silver-proof-navy-privy-reverse.jpg,United States Mint image,https://storage.googleapis.com/us_mint_coin_images/Numista_Attributed_Coins%20%281%29/final_attributed_2025-american-eagle-silver-proof-navy-privy-reverse.jpg
2025-jefferson-nickel-uncirculated-obverse-denver.jpg,attributed_2025-jefferson-nickel-uncirculated-obverse-denver.jpg,United States Mint image,https://storage.googleapis.com/us_mint_coin_images/Numista_Attributed_Coins%20%281%29/final_attributed_2025-jefferson-nickel-uncirculated-obverse-denver.jpg
2025-american-eagle-silver-proof-navy-privy-obverse (1).jpg,attributed_2025-american-eagle-silver-proof-navy-privy-obverse (1).jpg,United States Mint image,https://storage.googleapis.com/us_mint_coin_images/Numista_Attributed_Coins%20%281%29/final_attributed_2025-american-eagle-silver-proof-navy-privy-obverse (1).jpg
2025-american-eagle-palladium-reverse-proof-reverse (1).jpg,attributed_2025-american-eagle-palladium-reverse-proof-reverse (1).jpg,United States Mint image,https://storage.googleapis.com/us_mint_coin_images/Numista_Attributed_Coins%20%281%29/final_attributed_2025-american-eagle-palladium-reverse-proof-reverse (1).jpg
Omega-Penny-Obverse-Denver.jpg,attributed_Omega-Penny-Obverse-Denver.jpg,United States Mint image,https://storage.googleapis.com/us_mint_coin_images/Numista_Attributed_Coins%20%281%29/final_attributed_Omega-Penny-Obverse-Denver.jpg
American-Buffalo-Gold-Bullion-Obverse (1).jpg,attributed_American-Buffalo-Gold-Bullion-Obverse (1).jpg,United States Mint image,https://storage.googleapis.com/us_mint_coin_images/Numista_Attributed_Coins%20%281%29/final_attributed_American-Buffalo-Gold-Bullion-Obverse (1).jpg
2025-roosevelt-dime-uncirculated-reverse (1).jpg,attributed_2025-roosevelt-dime-uncirculated-reverse (1).jpg,United States Mint image,https://storage.googleapis.com/us_mint_coin_images/Numista_Attributed_Coins%20%281%29/final_attributed_2025-roosevelt-dime-uncirculated-reverse (1).jpg
2025-roosevelt-dime-uncirculated-obverse-philadelphia.jpg,attributed_2025-roosevelt-dime-uncirculated-obverse-philadelphia.jpg,United States Mint image,https://storage.googleapis.com/us_mint_coin_images/Numista_Attributed_Coins%20%281%29/final_attributed_2025-roosevelt-dime-uncirculated-obverse-philadelphia.jpg
2025-us-marine-corps-250th-anniversary-commemorative-gold-uncirculated-reverse.jpg,attributed_2025-us-marine-corps-250th-anniversary-commemorative-gold-uncirculated-reverse.jpg,United States Mint image,https://storage.googleapis.com/us_mint_coin_images/Numista_Attributed_Coins%20%281%29/final_attributed_2025-us-marine-corps-250th-anniversary-commemorative-gold-uncirculated-reverse.jpg
2025-american-eagle-platinum-proof-coin-obverse (1).jpg,attributed_2025-american-eagle-platinum-proof-coin-obverse (1).jpg,United States Mint image,https://storage.googleapis.com/us_mint_coin_images/Numista_Attributed_Coins%20%281%29/final_attributed_2025-american-eagle-platinum-proof-coin-obverse (1).jpg
2025-lincoln-penny-uncirculated-obverse-philadelphia.jpg,attributed_2025-lincoln-penny-uncirculated-obverse-philadelphia.jpg,United States Mint image,https://storage.googleapis.com/us_mint_coin_images/Numista_Attributed_Coins%20%281%29/final_attributed_2025-lincoln-penny-uncirculated-obverse-philadelphia.jpg
American-Eagle-Silver-Bullion-Reverse (1).jpg,attributed_American-Eagle-Silver-Bullion-Reverse (1).jpg,United States Mint image,https://storage.googleapis.com/us_mint_coin_images/Numista_Attributed_Coins%20%281%29/final_attributed_American-Eagle-Silver-Bullion-Reverse (1).jpg
SemiQ-Revolutionary-War-Obverse-Unc-P.jpg,attributed_SemiQ-Revolutionary-War-Obverse-Unc-P.jpg,United States Mint image,https://storage.googleapis.com/us_mint_coin_images/Numista_Attributed_Coins%20%281%29/final_attributed_SemiQ-Revolutionary-War-Obverse-Unc-P.jpg
1907-saint-gaudens-semiq-gold-reverse.jpg,attributed_1907-saint-gaudens-semiq-gold-reverse.jpg,United States Mint image,https://storage.googleapis.com/us_mint_coin_images/Numista_Attributed_Coins%20%281%29/final_attributed_1907-saint-gaudens-semiq-gold-reverse.jpg
SemiQ-Revolutionary-War-Reverse-Unc (1).jpg,attributed_SemiQ-Revolutionary-War-Reverse-Unc (1).jpg,United States Mint image,https://storage.googleapis.com/us_mint_coin_images/Numista_Attributed_Coins%20%281%29/final_attributed_SemiQ-Revolutionary-War-Reverse-Unc (1).jpg
2023-american-eagle-palladium-one-ounce-bullion-coin-obverse.jpg,attributed_2023-american-eagle-palladium-one-ounce-bullion-coin-obverse.jpg,United States Mint image,https://storage.googleapis.com/us_mint_coin_images/Numista_Attributed_Coins%20%281%29/final_attributed_2023-american-eagle-palladium-one-ounce-bullion-coin-obverse.jpg
American-Buffalo-Gold-Bullion-Reverse (1).jpg,attributed_American-Buffalo-Gold-Bullion-Reverse (1).jpg,United States Mint image,https://storage.googleapis.com/us_mint_coin_images/Numista_Attributed_Coins%20%281%29/final_attributed_American-Buffalo-Gold-Bullion-Reverse (1).jpg
2024-american-eagle-palladium-one-ounce-proof-coin-obverse (1).jpg,attributed_2024-american-eagle-palladium-one-ounce-proof-coin-obverse (1).jpg,United States Mint image,https://storage.googleapis.com/us_mint_coin_images/Numista_Attributed_Coins%20%281%29/final_attributed_2024-american-eagle-palladium-one-ounce-proof-coin-obverse (1).jpg
2025-Peace-Proof-Obverse.jpg,attributed_2025-Peace-Proof-Obverse.jpg,United States Mint image,https://storage.googleapis.com/us_mint_coin_images/Numista_Attributed_Coins%20%281%29/final_attributed_2025-Peace-Proof-Obverse.jpg
American-Eagle-Silver-Proof-Privy-Reverse (1).jpg,attributed_American-Eagle-Silver-Proof-Privy-Reverse (1).jpg,United States Mint image,https://storage.googleapis.com/us_mint_coin_images/Numista_Attributed_Coins%20%281%29/final_attributed_American-Eagle-Silver-Proof-Privy-Reverse (1).jpg
American-Eagle-Gold-Proof-Reverse (1).jpg,attributed_American-Eagle-Gold-Proof-Reverse (1).jpg,United States Mint image,https://storage.googleapis.com/us_mint_coin_images/Numista_Attributed_Coins%20%281%29/final_attributed_American-Eagle-Gold-Proof-Reverse (1).jpg
2025-lincoln-penny-uncirculated-obverse-philadelphia (1).jpg,attributed_2025-lincoln-penny-uncirculated-obverse-philadelphia (1).jpg,United States Mint image,https://storage.googleapis.com/us_mint_coin_images/Numista_Attributed_Coins%20%281%29/final_attributed_2025-lincoln-penny-uncirculated-obverse-philadelphia (1).jpg
American-Eagle-Platinum-Proof-Reverse.jpg,attributed_American-Eagle-Platinum-Proof-Reverse.jpg,United States Mint image,https://storage.googleapis.com/us_mint_coin_images/Numista_Attributed_Coins%20%281%29/final_attributed_American-Eagle-Platinum-Proof-Reverse.jpg
2025-us-marine-corps-250th-anniversary-commemorative-gold-proof-obverse.jpg,attributed_2025-us-marine-corps-250th-anniversary-commemorative-gold-proof-obverse.jpg,United States Mint image,https://storage.googleapis.com/us_mint_coin_images/Numista_Attributed_Coins%20%281%29/final_attributed_2025-us-marine-corps-250th-anniversary-commemorative-gold-proof-obverse.jpg
Mercury-Dime-Gold-Obverse (1).jpg,attributed_Mercury-Dime-Gold-Obverse (1).jpg,United States Mint image,https://storage.googleapis.com/us_mint_coin_images/Numista_Attributed_Coins%20%281%29/final_attributed_Mercury-Dime-Gold-Obverse (1).jpg
2025-american-eagle-gold-one-ounce-uncirculated-coin-reverse (1).jpg,attributed_2025-american-eagle-gold-one-ounce-uncirculated-coin-reverse (1).jpg,United States Mint image,https://storage.googleapis.com/us_mint_coin_images/Numista_Attributed_Coins%20%281%29/final_attributed_2025-american-eagle-gold-one-ounce-uncirculated-coin-reverse (1).jpg
2025-Superman-Gold-Reverse.jpg,attributed_2025-Superman-Gold-Reverse.jpg,United States Mint image,https://storage.googleapis.com/us_mint_coin_images/Numista_Attributed_Coins%20%281%29/final_attributed_2025-Superman-Gold-Reverse.jpg
2025-american-women-quarters-coin-althea-gibson-uncirculated-reverse.jpg,attributed_2025-american-women-quarters-coin-althea-gibson-uncirculated-reverse.jpg,United States Mint image,https://storage.googleapis.com/us_mint_coin_images/Numista_Attributed_Coins%20%281%29/final_attributed_2025-american-women-quarters-coin-althea-gibson-uncirculated-reverse.jpg
2025-us-marine-corps-250th-anniversary-commemorative-silver-proof-obverse (1).jpg,attributed_2025-us-marine-corps-250th-anniversary-commemorative-silver-proof-obverse (1).jpg,United States Mint image,https://storage.googleapis.com/us_mint_coin_images/Numista_Attributed_Coins%20%281%29/final_attributed_2025-us-marine-corps-250th-anniversary-commemorative-silver-proof-obverse (1).jpg
SemiQ-Gettysburg-Obverse-Unc-P (1).jpg,attributed_SemiQ-Gettysburg-Obverse-Unc-P (1).jpg,United States Mint image,https://storage.googleapis.com/us_mint_coin_images/Numista_Attributed_Coins%20%281%29/final_attributed_SemiQ-Gettysburg-Obverse-Unc-P (1).jpg
SemiQ-Revolutionary-War-Obverse-Unc-D.jpg,attributed_SemiQ-Revolutionary-War-Obverse-Unc-D.jpg,United States Mint image,https://storage.googleapis.com/us_mint_coin_images/Numista_Attributed_Coins%20%281%29/final_attributed_SemiQ-Revolutionary-War-Obverse-Unc-D.jpg
2025-american-eagle-laser-privy-silver-proof-obverse (1).jpg,attributed_2025-american-eagle-laser-privy-silver-proof-obverse (1).jpg,United States Mint image,https://storage.googleapis.com/us_mint_coin_images/Numista_Attributed_Coins%20%281%29/final_attributed_2025-american-eagle-laser-privy-silver-proof-obverse (1).jpg
American-Innovation-Unc-Reverse-Wisconsin.jpg,attributed_American-Innovation-Unc-Reverse-Wisconsin.jpg,United States Mint image,https://storage.googleapis.com/us_mint_coin_images/Numista_Attributed_Coins%20%281%29/final_attributed_American-Innovation-Unc-Reverse-Wisconsin.jpg
SemiQ-Mayflower-Obverse-Proof (1).jpg,attributed_SemiQ-Mayflower-Obverse-Proof (1).jpg,United States Mint image,https://storage.googleapis.com/us_mint_coin_images/Numista_Attributed_Coins%20%281%29/final_attributed_SemiQ-Mayflower-Obverse-Proof (1).jpg
Standing-Liberty-Gold-Obverse (1).jpg,attributed_Standing-Liberty-Gold-Obverse (1).jpg,United States Mint image,https://storage.googleapis.com/us_mint_coin_images/Numista_Attributed_Coins%20%281%29/final_attributed_Standing-Liberty-Gold-Obverse (1).jpg
Omega-Penny-Obverse-Gold (1).jpg,attributed_Omega-Penny-Obverse-Gold (1).jpg,United States Mint image,https://storage.googleapis.com/us_mint_coin_images/Numista_Attributed_Coins%20%281%29/final_attributed_Omega-Penny-Obverse-Gold (1).jpg
2025-american-women-quarters-coin-ida-wells-uncirculated-reverse.jpg,attributed_2025-american-women-quarters-coin-ida-wells-uncirculated-reverse.jpg,United States Mint image,https://storage.googleapis.com/us_mint_coin_images/Numista_Attributed_Coins%20%281%29/final_attributed_2025-american-women-quarters-coin-ida-wells-uncirculated-reverse.jpg
2025-Wonder-Woman-Gold-Proof-Coin-Obverse.jpg,attributed_2025-Wonder-Woman-Gold-Proof-Coin-Obverse.jpg,United States Mint image,https://storage.googleapis.com/us_mint_coin_images/Numista_Attributed_Coins%20%281%29/final_attributed_2025-Wonder-Woman-Gold-Proof-Coin-Obverse.jpg
2023-american-eagle-palladium-one-ounce-uncirculated-coin-obverse (1).jpg,attributed_2023-american-eagle-palladium-one-ounce-uncirculated-coin-obverse (1).jpg,United States Mint image,https://storage.googleapis.com/us_mint_coin_images/Numista_Attributed_Coins%20%281%29/final_attributed_2023-american-eagle-palladium-one-ounce-uncirculated-coin-obverse (1).jpg
Nickel-Proof-Reverse (1).jpg,attributed_Nickel-Proof-Reverse (1).jpg,United States Mint image,https://storage.googleapis.com/us_mint_coin_images/Numista_Attributed_Coins%20%281%29/final_attributed_Nickel-Proof-Reverse (1).jpg
2025-american-women-quarters-coin-uncirculated-obverse-philadelphia.jpg,attributed_2025-american-women-quarters-coin-uncirculated-obverse-philadelphia.jpg,United States Mint image,https://storage.googleapis.com/us_mint_coin_images/Numista_Attributed_Coins%20%281%29/final_attributed_2025-american-women-quarters-coin-uncirculated-obverse-philadelphia.jpg
SemiQ-Gettysburg-Obverse-Proof (1).jpg,attributed_SemiQ-Gettysburg-Obverse-Proof (1).jpg,United States Mint image,https://storage.googleapis.com/us_mint_coin_images/Numista_Attributed_Coins%20%281%29/final_attributed_SemiQ-Gettysburg-Obverse-Proof (1).jpg
Omega-Penny-Obverse-Philadelphia.jpg,attributed_Omega-Penny-Obverse-Philadelphia.jpg,United States Mint image,https://storage.googleapis.com/us_mint_coin_images/Numista_Attributed_Coins%20%281%29/final_attributed_Omega-Penny-Obverse-Philadelphia.jpg
SemiQ-Mayflower-Obverse-Unc-P (1).jpg,attributed_SemiQ-Mayflower-Obverse-Unc-P (1).jpg,United States Mint image,https://storage.googleapis.com/us_mint_coin_images/Numista_Attributed_Coins%20%281%29/final_attributed_SemiQ-Mayflower-Obverse-Unc-P (1).jpg
Half-Dollar-Proof-Reverse (1).jpg,attributed_Half-Dollar-Proof-Reverse (1).jpg,United States Mint image,https://storage.googleapis.com/us_mint_coin_images/Numista_Attributed_Coins%20%281%29/final_attributed_Half-Dollar-Proof-Reverse (1).jpg
SemiQ-Mayflower-Reverse-Proof (1).jpg,attributed_SemiQ-Mayflower-Reverse-Proof (1).jpg,United States Mint image,https://storage.googleapis.com/us_mint_coin_images/Numista_Attributed_Coins%20%281%29/final_attributed_SemiQ-Mayflower-Reverse-Proof (1).jpg
Omega-Penny-Reverse.jpg,attributed_Omega-Penny-Reverse.jpg,United States Mint image,https://storage.googleapis.com/us_mint_coin_images/Numista_Attributed_Coins%20%281%29/final_attributed_Omega-Penny-Reverse.jpg
2025-american-eagle-palladium-reverse-proof-obverse.jpg,attributed_2025-american-eagle-palladium-reverse-proof-obverse.jpg,United States Mint image,https://storage.googleapis.com/us_mint_coin_images/Numista_Attributed_Coins%20%281%29/final_attributed_2025-american-eagle-palladium-reverse-proof-obverse.jpg
2025-american-eagle-palladium-reverse-proof-obverse (1).jpg,attributed_2025-american-eagle-palladium-reverse-proof-obverse (1).jpg,United States Mint image,https://storage.googleapis.com/us_mint_coin_images/Numista_Attributed_Coins%20%281%29/final_attributed_2025-american-eagle-palladium-reverse-proof-obverse (1).jpg
2025-american-eagle-silver-one-ounce-uncirculated-coin-reverse (1).jpg,attributed_2025-american-eagle-silver-one-ounce-uncirculated-coin-reverse (1).jpg,United States Mint image,https://storage.googleapis.com/us_mint_coin_images/Numista_Attributed_Coins%20%281%29/final_attributed_2025-american-eagle-silver-one-ounce-uncirculated-coin-reverse (1).jpg
2025-american-eagle-gold-one-ounce-uncirculated-coin-obverse (1).jpg,attributed_2025-american-eagle-gold-one-ounce-uncirculated-coin-obverse (1).jpg,United States Mint image,https://storage.googleapis.com/us_mint_coin_images/Numista_Attributed_Coins%20%281%29/final_attributed_2025-american-eagle-gold-one-ounce-uncirculated-coin-obverse (1).jpg
SemiQ-Gettysburg-Obverse-Proof.jpg,attributed_SemiQ-Gettysburg-Obverse-Proof.jpg,United States Mint image,https://storage.googleapis.com/us_mint_coin_images/Numista_Attributed_Coins%20%281%29/final_attributed_SemiQ-Gettysburg-Obverse-Proof.jpg
2025-us-marine-corps-250th-anniversary-commemorative-clad-proof-reverse (1).jpg,attributed_2025-us-marine-corps-250th-anniversary-commemorative-clad-proof-reverse (1).jpg,United States Mint image,https://storage.googleapis.com/us_mint_coin_images/Numista_Attributed_Coins%20%281%29/final_attributed_2025-us-marine-corps-250th-anniversary-commemorative-clad-proof-reverse (1).jpg
2025-Morgan-Unc-Reverse.jpg,attributed_2025-Morgan-Unc-Reverse.jpg,United States Mint image,https://storage.googleapis.com/us_mint_coin_images/Numista_Attributed_Coins%20%281%29/final_attributed_2025-Morgan-Unc-Reverse.jpg
SemiQ-Gettysburg-Reverse-Unc.jpg,attributed_SemiQ-Gettysburg-Reverse-Unc.jpg,United States Mint image,https://storage.googleapis.com/us_mint_coin_images/Numista_Attributed_Coins%20%281%29/final_attributed_SemiQ-Gettysburg-Reverse-Unc.jpg
SemiQ-Mayflower-Reverse-Unc.jpg,attributed_SemiQ-Mayflower-Reverse-Unc.jpg,United States Mint image,https://storage.googleapis.com/us_mint_coin_images/Numista_Attributed_Coins%20%281%29/final_attributed_SemiQ-Mayflower-Reverse-Unc.jpg
SemiQ-Constitution-Reverse-Unc (1).jpg,attributed_SemiQ-Constitution-Reverse-Unc (1).jpg,United States Mint image,https://storage.googleapis.com/us_mint_coin_images/Numista_Attributed_Coins%20%281%29/final_attributed_SemiQ-Constitution-Reverse-Unc (1).jpg
Native-American-$1-Proof-Reverse (1).jpg,attributed_Native-American-$1-Proof-Reverse (1).jpg,United States Mint image,https://storage.googleapis.com/us_mint_coin_images/Numista_Attributed_Coins%20%281%29/final_attributed_Native-American-$1-Proof-Reverse (1).jpg
SemiQ-Penny-Reverse-Unc (1).jpg,attributed_SemiQ-Penny-Reverse-Unc (1).jpg,United States Mint image,https://storage.googleapis.com/us_mint_coin_images/Numista_Attributed_Coins%20%281%29/final_attributed_SemiQ-Penny-Reverse-Unc (1).jpg
SemiQ-Constitution-Reverse-Proof (1).jpg,attributed_SemiQ-Constitution-Reverse-Proof (1).jpg,United States Mint image,https://storage.googleapis.com/us_mint_coin_images/Numista_Attributed_Coins%20%281%29/final_attributed_SemiQ-Constitution-Reverse-Proof (1).jpg
2025 American Liberty 1oz Gold Obv 2000x2000.jpg,attributed_2025 American Liberty 1oz Gold Obv 2000x2000.jpg,United States Mint image,https://storage.googleapis.com/us_mint_coin_images/Numista_Attributed_Coins%20%281%29/final_attributed_2025 American Liberty 1oz Gold Obv 2000x2000.jpg
2023-american-eagle-palladium-one-ounce-bullion-coin-reverse (1).jpg,attributed_2023-american-eagle-palladium-one-ounce-bullion-coin-reverse (1).jpg,United States Mint image,https://storage.googleapis.com/us_mint_coin_images/Numista_Attributed_Coins%20%281%29/final_attributed_2023-american-eagle-palladium-one-ounce-bullion-coin-reverse (1).jpg
2025-us-marine-corps-250th-anniversary-commemorative-silver-proof-reverse (1).jpg,attributed_2025-us-marine-corps-250th-anniversary-commemorative-silver-proof-reverse (1).jpg,United States Mint image,https://storage.googleapis.com/us_mint_coin_images/Numista_Attributed_Coins%20%281%29/final_attributed_2025-us-marine-corps-250th-anniversary-commemorative-silver-proof-reverse (1).jpg
SemiQ-Declaration-Reverse-Proof.jpg,attributed_SemiQ-Declaration-Reverse-Proof.jpg,United States Mint image,https://storage.googleapis.com/us_mint_coin_images/Numista_Attributed_Coins%20%281%29/final_attributed_SemiQ-Declaration-Reverse-Proof.jpg
American-Eagle-Platinum-Proof-Obverse.jpg,attributed_American-Eagle-Platinum-Proof-Obverse.jpg,United States Mint image,https://storage.googleapis.com/us_mint_coin_images/Numista_Attributed_Coins%20%281%29/final_attributed_American-Eagle-Platinum-Proof-Obverse.jpg
2025-Morgan-Unc-Obverse.jpg,attributed_2025-Morgan-Unc-Obverse.jpg,United States Mint image,https://storage.googleapis.com/us_mint_coin_images/Numista_Attributed_Coins%20%281%29/final_attributed_2025-Morgan-Unc-Obverse.jpg
2025-american-women-quarters-coin-ida-wells-proof-reverse (1).jpg,attributed_2025-american-women-quarters-coin-ida-wells-proof-reverse (1).jpg,United States Mint image,https://storage.googleapis.com/us_mint_coin_images/Numista_Attributed_Coins%20%281%29/final_attributed_2025-american-women-quarters-coin-ida-wells-proof-reverse (1).jpg
2025-american-women-quarters-coin-juliette-gordon-low-uncirculated-reverse (1).jpg,attributed_2025-american-women-quarters-coin-juliette-gordon-low-uncirculated-reverse (1).jpg,United States Mint image,https://storage.googleapis.com/us_mint_coin_images/Numista_Attributed_Coins%20%281%29/final_attributed_2025-american-women-quarters-coin-juliette-gordon-low-uncirculated-reverse (1).jpg
2025-us-marine-corps-250th-anniversary-commemorative-clad-uncirculated-obverse (1).jpg,attributed_2025-us-marine-corps-250th-anniversary-commemorative-clad-uncirculated-obverse (1).jpg,United States Mint image,https://storage.googleapis.com/us_mint_coin_images/Numista_Attributed_Coins%20%281%29/final_attributed_2025-us-marine-corps-250th-anniversary-commemorative-clad-uncirculated-obverse (1).jpg
2025-us-marine-corps-250th-anniversary-commemorative-clad-proof-reverse.jpg,attributed_2025-us-marine-corps-250th-anniversary-commemorative-clad-proof-reverse.jpg,United States Mint image,https://storage.googleapis.com/us_mint_coin_images/Numista_Attributed_Coins%20%281%29/final_attributed_2025-us-marine-corps-250th-anniversary-commemorative-clad-proof-reverse.jpg
SemiQ-Nickel-Obverse-Unc-P (1).jpg,attributed_SemiQ-Nickel-Obverse-Unc-P (1).jpg,United States Mint image,https://storage.googleapis.com/us_mint_coin_images/Numista_Attributed_Coins%20%281%29/final_attributed_SemiQ-Nickel-Obverse-Unc-P (1).jpg
SemiQ-Declaration-Obverse-Unc-P.jpg,attributed_SemiQ-Declaration-Obverse-Unc-P.jpg,United States Mint image,https://storage.googleapis.com/us_mint_coin_images/Numista_Attributed_Coins%20%281%29/final_attributed_SemiQ-Declaration-Obverse-Unc-P.jpg
SemiQ-Revolutionary-War-Obverse-Unc-D (1).jpg,attributed_SemiQ-Revolutionary-War-Obverse-Unc-D (1).jpg,United States Mint image,https://storage.googleapis.com/us_mint_coin_images/Numista_Attributed_Coins%20%281%29/final_attributed_SemiQ-Revolutionary-War-Obverse-Unc-D (1).jpg
Native-American-$1-Unc-Reverse.jpg,attributed_Native-American-$1-Unc-Reverse.jpg,United States Mint image,https://storage.googleapis.com/us_mint_coin_images/Numista_Attributed_Coins%20%281%29/final_attributed_Native-American-$1-Unc-Reverse.jpg
2025-Peace-Proof-Reverse.jpg,attributed_2025-Peace-Proof-Reverse.jpg,United States Mint image,https://storage.googleapis.com/us_mint_coin_images/Numista_Attributed_Coins%20%281%29/final_attributed_2025-Peace-Proof-Reverse.jpg
SemiQ-Constitution-Obverse-Unc-P (1).jpg,attributed_SemiQ-Constitution-Obverse-Unc-P (1).jpg,United States Mint image,https://storage.googleapis.com/us_mint_coin_images/Numista_Attributed_Coins%20%281%29/final_attributed_SemiQ-Constitution-Obverse-Unc-P (1).jpg
SemiQ-Declaration-Reverse-Proof (1).jpg,attributed_SemiQ-Declaration-Reverse-Proof (1).jpg,United States Mint image,https://storage.googleapis.com/us_mint_coin_images/Numista_Attributed_Coins%20%281%29/final_attributed_SemiQ-Declaration-Reverse-Proof (1).jpg
2025-american-buffalo-one-ounce-gold-proof-coin-obverse.jpg,attributed_2025-american-buffalo-one-ounce-gold-proof-coin-obverse.jpg,United States Mint image,https://storage.googleapis.com/us_mint_coin_images/Numista_Attributed_Coins%20%281%29/final_attributed_2025-american-buffalo-one-ounce-gold-proof-coin-obverse.jpg
Native-American-$1-Proof-Obverse.jpg,attributed_Native-American-$1-Proof-Obverse.jpg,United States Mint image,https://storage.googleapis.com/us_mint_coin_images/Numista_Attributed_Coins%20%281%29/final_attributed_Native-American-$1-Proof-Obverse.jpg
2025-us-marine-corps-250th-anniversary-commemorative-silver-proof-reverse.jpg,attributed_2025-us-marine-corps-250th-anniversary-commemorative-silver-proof-reverse.jpg,United States Mint image,https://storage.googleapis.com/us_mint_coin_images/Numista_Attributed_Coins%20%281%29/final_attributed_2025-us-marine-corps-250th-anniversary-commemorative-silver-proof-reverse.jpg
SemiQ-Penny-Obverse-Unc-P (1).jpg,attributed_SemiQ-Penny-Obverse-Unc-P (1).jpg,United States Mint image,https://storage.googleapis.com/us_mint_coin_images/Numista_Attributed_Coins%20%281%29/final_attributed_SemiQ-Penny-Obverse-Unc-P (1).jpg
2025-Morgan-Proof-Reverse (1).jpg,attributed_2025-Morgan-Proof-Reverse (1).jpg,United States Mint image,https://storage.googleapis.com/us_mint_coin_images/Numista_Attributed_Coins%20%281%29/final_attributed_2025-Morgan-Proof-Reverse (1).jpg
SemiQ-Gettysburg-Reverse-Proof.jpg,attributed_SemiQ-Gettysburg-Reverse-Proof.jpg,United States Mint image,https://storage.googleapis.com/us_mint_coin_images/Numista_Attributed_Coins%20%281%29/final_attributed_SemiQ-Gettysburg-Reverse-Proof.jpg
2023-american-eagle-platinum-one-ounce-bullion-coin-reverse (1).jpg,attributed_2023-american-eagle-platinum-one-ounce-bullion-coin-reverse (1).jpg,United States Mint image,https://storage.googleapis.com/us_mint_coin_images/Numista_Attributed_Coins%20%281%29/final_attributed_2023-american-eagle-platinum-one-ounce-bullion-coin-reverse (1).jpg
American-Innovation-Unc-Reverse-Minnesota.jpg,attributed_American-Innovation-Unc-Reverse-Minnesota.jpg,United States Mint image,https://storage.googleapis.com/us_mint_coin_images/Numista_Attributed_Coins%20%281%29/final_attributed_American-Innovation-Unc-Reverse-Minnesota.jpg
2025-american-eagle-palladium-reverse-proof-reverse.jpg,attributed_2025-american-eagle-palladium-reverse-proof-reverse.jpg,United States Mint image,https://storage.googleapis.com/us_mint_coin_images/Numista_Attributed_Coins%20%281%29/final_attributed_2025-american-eagle-palladium-reverse-proof-reverse.jpg
2025-american-women-quarters-coin-ida-wells-proof-reverse.jpg,attributed_2025-american-women-quarters-coin-ida-wells-proof-reverse.jpg,United States Mint image,https://storage.googleapis.com/us_mint_coin_images/Numista_Attributed_Coins%20%281%29/final_attributed_2025-american-women-quarters-coin-ida-wells-proof-reverse.jpg
American-Innovation-Unc-Reverse-Minnesota (1).jpg,attributed_American-Innovation-Unc-Reverse-Minnesota (1).jpg,United States Mint image,https://storage.googleapis.com/us_mint_coin_images/Numista_Attributed_Coins%20%281%29/final_attributed_American-Innovation-Unc-Reverse-Minnesota (1).jpg
2024-american-eagle-palladium-one-ounce-proof-coin-reverse.jpg,attributed_2024-american-eagle-palladium-one-ounce-proof-coin-reverse.jpg,United States Mint image,https://storage.googleapis.com/us_mint_coin_images/Numista_Attributed_Coins%20%281%29/final_attributed_2024-american-eagle-palladium-one-ounce-proof-coin-reverse.jpg
SemiQ-Constitution-Reverse-Proof.jpg,attributed_SemiQ-Constitution-Reverse-Proof.jpg,United States Mint image,https://storage.googleapis.com/us_mint_coin_images/Numista_Attributed_Coins%20%281%29/final_attributed_SemiQ-Constitution-Reverse-Proof.jpg
Walking-Liberty-Gold-Reverse (1).jpg,attributed_Walking-Liberty-Gold-Reverse (1).jpg,United States Mint image,https://storage.googleapis.com/us_mint_coin_images/Numista_Attributed_Coins%20%281%29/final_attributed_Walking-Liberty-Gold-Reverse (1).jpg
2025-us-marine-corps-250th-anniversary-commemorative-silver-proof-obverse.jpg,attributed_2025-us-marine-corps-250th-anniversary-commemorative-silver-proof-obverse.jpg,United States Mint image,https://storage.googleapis.com/us_mint_coin_images/Numista_Attributed_Coins%20%281%29/final_attributed_2025-us-marine-corps-250th-anniversary-commemorative-silver-proof-obverse.jpg
SemiQ-Dime-Reverse-Unc.jpg,attributed_SemiQ-Dime-Reverse-Unc.jpg,United States Mint image,https://storage.googleapis.com/us_mint_coin_images/Numista_Attributed_Coins%20%281%29/final_attributed_SemiQ-Dime-Reverse-Unc.jpg
2025-jefferson-nickel-uncirculated-obverse-philadelphia (1).jpg,attributed_2025-jefferson-nickel-uncirculated-obverse-philadelphia (1).jpg,United States Mint image,https://storage.googleapis.com/us_mint_coin_images/Numista_Attributed_Coins%20%281%29/final_attributed_2025-jefferson-nickel-uncirculated-obverse-philadelphia (1).jpg
2025-american-eagle-gold-one-ounce-proof-coin-reverse (1).jpg,attributed_2025-american-eagle-gold-one-ounce-proof-coin-reverse (1).jpg,United States Mint image,https://storage.googleapis.com/us_mint_coin_images/Numista_Attributed_Coins%20%281%29/final_attributed_2025-american-eagle-gold-one-ounce-proof-coin-reverse (1).jpg
2025-american-women-quarters-coin-proof-obverse (1).jpg,attributed_2025-american-women-quarters-coin-proof-obverse (1).jpg,United States Mint image,https://storage.googleapis.com/us_mint_coin_images/Numista_Attributed_Coins%20%281%29/final_attributed_2025-american-women-quarters-coin-proof-obverse (1).jpg
Walking-Liberty-Gold-Obverse.jpg,attributed_Walking-Liberty-Gold-Obverse.jpg,United States Mint image,https://storage.googleapis.com/us_mint_coin_images/Numista_Attributed_Coins%20%281%29/final_attributed_Walking-Liberty-Gold-Obverse.jpg
2025-american-women-quarters-coin-vera-rubin-uncirculated-reverse (1).jpg,attributed_2025-american-women-quarters-coin-vera-rubin-uncirculated-reverse (1).jpg,United States Mint image,https://storage.googleapis.com/us_mint_coin_images/Numista_Attributed_Coins%20%281%29/final_attributed_2025-american-women-quarters-coin-vera-rubin-uncirculated-reverse (1).jpg
SemiQ-Half-Dollar-Obverse-Unc-D (1).jpg,attributed_SemiQ-Half-Dollar-Obverse-Unc-D (1).jpg,United States Mint image,https://storage.googleapis.com/us_mint_coin_images/Numista_Attributed_Coins%20%281%29/final_attributed_SemiQ-Half-Dollar-Obverse-Unc-D (1).jpg
2025 American Liberty 1oz Gold Rev 2000x2000.jpg,attributed_2025 American Liberty 1oz Gold Rev 2000x2000.jpg,United States Mint image,https://storage.googleapis.com/us_mint_coin_images/Numista_Attributed_Coins%20%281%29/final_attributed_2025 American Liberty 1oz Gold Rev 2000x2000.jpg
Omega-Penny-Reverse (1).jpg,attributed_Omega-Penny-Reverse (1).jpg,United States Mint image,https://storage.googleapis.com/us_mint_coin_images/Numista_Attributed_Coins%20%281%29/final_attributed_Omega-Penny-Reverse (1).jpg
1804-dollar-gold-reverse.jpg,attributed_1804-dollar-gold-reverse.jpg,United States Mint image,https://storage.googleapis.com/us_mint_coin_images/Numista_Attributed_Coins%20%281%29/final_attributed_1804-dollar-gold-reverse.jpg
2025-american-women-quarters-coin-ida-wells-uncirculated-reverse (1).jpg,attributed_2025-american-women-quarters-coin-ida-wells-uncirculated-reverse (1).jpg,United States Mint image,https://storage.googleapis.com/us_mint_coin_images/Numista_Attributed_Coins%20%281%29/final_attributed_2025-american-women-quarters-coin-ida-wells-uncirculated-reverse (1).jpg
2025-american-eagle-silver-proof-army-privy-obverse (1).jpg,attributed_2025-american-eagle-silver-proof-army-privy-obverse (1).jpg,United States Mint image,https://storage.googleapis.com/us_mint_coin_images/Numista_Attributed_Coins%20%281%29/final_attributed_2025-american-eagle-silver-proof-army-privy-obverse (1).jpg
2025-jefferson-nickel-uncirculated-obverse-denver (1).jpg,attributed_2025-jefferson-nickel-uncirculated-obverse-denver (1).jpg,United States Mint image,https://storage.googleapis.com/us_mint_coin_images/Numista_Attributed_Coins%20%281%29/final_attributed_2025-jefferson-nickel-uncirculated-obverse-denver (1).jpg
SemiQ-Constitution-Obverse-Unc-D.jpg,attributed_SemiQ-Constitution-Obverse-Unc-D.jpg,United States Mint image,https://storage.googleapis.com/us_mint_coin_images/Numista_Attributed_Coins%20%281%29/final_attributed_SemiQ-Constitution-Obverse-Unc-D.jpg
2025-native-american-one-dollar-uncirculated-coin-obverse.jpg,attributed_2025-native-american-one-dollar-uncirculated-coin-obverse.jpg,United States Mint image,https://storage.googleapis.com/us_mint_coin_images/Numista_Attributed_Coins%20%281%29/final_attributed_2025-native-american-one-dollar-uncirculated-coin-obverse.jpg
1907-saint-gaudens-semiq-gold-reverse (1).jpg,attributed_1907-saint-gaudens-semiq-gold-reverse (1).jpg,United States Mint image,https://storage.googleapis.com/us_mint_coin_images/Numista_Attributed_Coins%20%281%29/final_attributed_1907-saint-gaudens-semiq-gold-reverse (1).jpg
2025-american-eagle-silver-one-ounce-uncirculated-coin-obverse.jpg,attributed_2025-american-eagle-silver-one-ounce-uncirculated-coin-obverse.jpg,United States Mint image,https://storage.googleapis.com/us_mint_coin_images/Numista_Attributed_Coins%20%281%29/final_attributed_2025-american-eagle-silver-one-ounce-uncirculated-coin-obverse.jpg
2025-american-women-quarters-coin-vera-rubin-proof-reverse (1).jpg,attributed_2025-american-women-quarters-coin-vera-rubin-proof-reverse (1).jpg,United States Mint image,https://storage.googleapis.com/us_mint_coin_images/Numista_Attributed_Coins%20%281%29/final_attributed_2025-american-women-quarters-coin-vera-rubin-proof-reverse (1).jpg
2025-american-eagle-laser-privy-silver-proof-reverse.jpg,attributed_2025-american-eagle-laser-privy-silver-proof-reverse.jpg,United States Mint image,https://storage.googleapis.com/us_mint_coin_images/Numista_Attributed_Coins%20%281%29/final_attributed_2025-american-eagle-laser-privy-silver-proof-reverse.jpg
Half-Dollar-Proof-Obverse (1).jpg,attributed_Half-Dollar-Proof-Obverse (1).jpg,United States Mint image,https://storage.googleapis.com/us_mint_coin_images/Numista_Attributed_Coins%20%281%29/final_attributed_Half-Dollar-Proof-Obverse (1).jpg
2025-american-eagle-laser-privy-silver-proof-reverse (1).jpg,attributed_2025-american-eagle-laser-privy-silver-proof-reverse (1).jpg,United States Mint image,https://storage.googleapis.com/us_mint_coin_images/Numista_Attributed_Coins%20%281%29/final_attributed_2025-american-eagle-laser-privy-silver-proof-reverse (1).jpg
2025 American Liberty 1oz Gold Rev 2000x2000 (1).jpg,attributed_2025 American Liberty 1oz Gold Rev 2000x2000 (1).jpg,United States Mint image,https://storage.googleapis.com/us_mint_coin_images/Numista_Attributed_Coins%20%281%29/final_attributed_2025 American Liberty 1oz Gold Rev 2000x2000 (1).jpg
Dime-Proof-Obverse.jpg,attributed_Dime-Proof-Obverse.jpg,United States Mint image,https://storage.googleapis.com/us_mint_coin_images/Numista_Attributed_Coins%20%281%29/final_attributed_Dime-Proof-Obverse.jpg
2025-jefferson-nickel-proof-obverse.jpg,attributed_2025-jefferson-nickel-proof-obverse.jpg,United States Mint image,https://storage.googleapis.com/us_mint_coin_images/Numista_Attributed_Coins%20%281%29/final_attributed_2025-jefferson-nickel-proof-obverse.jpg
2025-us-marine-corps-250th-anniversary-commemorative-gold-proof-reverse (1).jpg,attributed_2025-us-marine-corps-250th-anniversary-commemorative-gold-proof-reverse (1).jpg,United States Mint image,https://storage.googleapis.com/us_mint_coin_images/Numista_Attributed_Coins%20%281%29/final_attributed_2025-us-marine-corps-250th-anniversary-commemorative-gold-proof-reverse (1).jpg
2025-american-eagle-platinum-proof-coin-reverse.jpg,attributed_2025-american-eagle-platinum-proof-coin-reverse.jpg,United States Mint image,https://storage.googleapis.com/us_mint_coin_images/Numista_Attributed_Coins%20%281%29/final_attributed_2025-american-eagle-platinum-proof-coin-reverse.jpg
SemiQ-Penny-Obverse-Unc-P.jpg,attributed_SemiQ-Penny-Obverse-Unc-P.jpg,United States Mint image,https://storage.googleapis.com/us_mint_coin_images/Numista_Attributed_Coins%20%281%29/final_attributed_SemiQ-Penny-Obverse-Unc-P.jpg
2025-american-women-quarters-coin-vera-rubin-uncirculated-reverse.jpg,attributed_2025-american-women-quarters-coin-vera-rubin-uncirculated-reverse.jpg,United States Mint image,https://storage.googleapis.com/us_mint_coin_images/Numista_Attributed_Coins%20%281%29/final_attributed_2025-american-women-quarters-coin-vera-rubin-uncirculated-reverse.jpg
Omega-Penny-Reverse-Gold (1).jpg,attributed_Omega-Penny-Reverse-Gold (1).jpg,United States Mint image,https://storage.googleapis.com/us_mint_coin_images/Numista_Attributed_Coins%20%281%29/final_attributed_Omega-Penny-Reverse-Gold (1).jpg
American-Innovation-Unc-Reverse-Wisconsin (1).jpg,attributed_American-Innovation-Unc-Reverse-Wisconsin (1).jpg,United States Mint image,https://storage.googleapis.com/us_mint_coin_images/Numista_Attributed_Coins%20%281%29/final_attributed_American-Innovation-Unc-Reverse-Wisconsin (1).jpg
2025-american-eagle-silver-proof-army-privy-reverse.jpg,attributed_2025-american-eagle-silver-proof-army-privy-reverse.jpg,United States Mint image,https://storage.googleapis.com/us_mint_coin_images/Numista_Attributed_Coins%20%281%29/final_attributed_2025-american-eagle-silver-proof-army-privy-reverse.jpg
2025-american-eagle-gold-one-ounce-proof-coin-reverse.jpg,attributed_2025-american-eagle-gold-one-ounce-proof-coin-reverse.jpg,United States Mint image,https://storage.googleapis.com/us_mint_coin_images/Numista_Attributed_Coins%20%281%29/final_attributed_2025-american-eagle-gold-one-ounce-proof-coin-reverse.jpg
2025-american-women-quarters-coin-stacey-park-milbern-uncirculated-reverse.jpg,attributed_2025-american-women-quarters-coin-stacey-park-milbern-uncirculated-reverse.jpg,United States Mint image,https://storage.googleapis.com/us_mint_coin_images/Numista_Attributed_Coins%20%281%29/final_attributed_2025-american-women-quarters-coin-stacey-park-milbern-uncirculated-reverse.jpg
2025-jefferson-nickel-proof-obverse (1).jpg,attributed_2025-jefferson-nickel-proof-obverse (1).jpg,United States Mint image,https://storage.googleapis.com/us_mint_coin_images/Numista_Attributed_Coins%20%281%29/final_attributed_2025-jefferson-nickel-proof-obverse (1).jpg
2025-native-american-one-dollar-uncirculated-coin-obverse (1).jpg,attributed_2025-native-american-one-dollar-uncirculated-coin-obverse (1).jpg,United States Mint image,https://storage.googleapis.com/us_mint_coin_images/Numista_Attributed_Coins%20%281%29/final_attributed_2025-native-american-one-dollar-uncirculated-coin-obverse (1).jpg
2025 American Liberty 1oz Gold Obv 2000x2000 (1).jpg,attributed_2025 American Liberty 1oz Gold Obv 2000x2000 (1).jpg,United States Mint image,https://storage.googleapis.com/us_mint_coin_images/Numista_Attributed_Coins%20%281%29/final_attributed_2025 American Liberty 1oz Gold Obv 2000x2000 (1).jpg
2025-us-marine-corps-250th-anniversary-commemorative-silver-uncirculated-reverse (1).jpg,attributed_2025-us-marine-corps-250th-anniversary-commemorative-silver-uncirculated-reverse (1).jpg,United States Mint image,https://storage.googleapis.com/us_mint_coin_images/Numista_Attributed_Coins%20%281%29/final_attributed_2025-us-marine-corps-250th-anniversary-commemorative-silver-uncirculated-reverse (1).jpg
2025-roosevelt-dime-proof-reverse.jpg,attributed_2025-roosevelt-dime-proof-reverse.jpg,United States Mint image,https://storage.googleapis.com/us_mint_coin_images/Numista_Attributed_Coins%20%281%29/final_attributed_2025-roosevelt-dime-proof-reverse.jpg
2025-Superman-Gold-Obverse (1).jpg,attributed_2025-Superman-Gold-Obverse (1).jpg,United States Mint image,https://storage.googleapis.com/us_mint_coin_images/Numista_Attributed_Coins%20%281%29/final_attributed_2025-Superman-Gold-Obverse (1).jpg
SemiQ-Nickel-Obverse-Unc-P.jpg,attributed_SemiQ-Nickel-Obverse-Unc-P.jpg,United States Mint image,https://storage.googleapis.com/us_mint_coin_images/Numista_Attributed_Coins%20%281%29/final_attributed_SemiQ-Nickel-Obverse-Unc-P.jpg
2025-us-marine-corps-250th-anniversary-commemorative-gold-uncirculated-obverse.jpg,attributed_2025-us-marine-corps-250th-anniversary-commemorative-gold-uncirculated-obverse.jpg,United States Mint image,https://storage.googleapis.com/us_mint_coin_images/Numista_Attributed_Coins%20%281%29/final_attributed_2025-us-marine-corps-250th-anniversary-commemorative-gold-uncirculated-obverse.jpg
Nickel-Proof-Obverse.jpg,attributed_Nickel-Proof-Obverse.jpg,United States Mint image,https://storage.googleapis.com/us_mint_coin_images/Numista_Attributed_Coins%20%281%29/final_attributed_Nickel-Proof-Obverse.jpg
SemiQ-Constitution-Obverse-Unc-D (1).jpg,attributed_SemiQ-Constitution-Obverse-Unc-D (1).jpg,United States Mint image,https://storage.googleapis.com/us_mint_coin_images/Numista_Attributed_Coins%20%281%29/final_attributed_SemiQ-Constitution-Obverse-Unc-D (1).jpg
SemiQ-Penny-Obverse-Unc-D.jpg,attributed_SemiQ-Penny-Obverse-Unc-D.jpg,United States Mint image,https://storage.googleapis.com/us_mint_coin_images/Numista_Attributed_Coins%20%281%29/final_attributed_SemiQ-Penny-Obverse-Unc-D.jpg
Nickel-Proof-Obverse (1).jpg,attributed_Nickel-Proof-Obverse (1).jpg,United States Mint image,https://storage.googleapis.com/us_mint_coin_images/Numista_Attributed_Coins%20%281%29/final_attributed_Nickel-Proof-Obverse (1).jpg
SemiQ-Nickel-Obverse-Unc-D (1).jpg,attributed_SemiQ-Nickel-Obverse-Unc-D (1).jpg,United States Mint image,https://storage.googleapis.com/us_mint_coin_images/Numista_Attributed_Coins%20%281%29/final_attributed_SemiQ-Nickel-Obverse-Unc-D (1).jpg
American-Eagle-Gold-Bullion-1oz-Obverse.jpg,attributed_American-Eagle-Gold-Bullion-1oz-Obverse.jpg,United States Mint image,https://storage.googleapis.com/us_mint_coin_images/Numista_Attributed_Coins%20%281%29/final_attributed_American-Eagle-Gold-Bullion-1oz-Obverse.jpg
American-Buffalo-Gold-Bullion-Obverse.jpg,attributed_American-Buffalo-Gold-Bullion-Obverse.jpg,United States Mint image,https://storage.googleapis.com/us_mint_coin_images/Numista_Attributed_Coins%20%281%29/final_attributed_American-Buffalo-Gold-Bullion-Obverse.jpg
2025-native-american-one-dollar-proof-coin-reverse (1).jpg,attributed_2025-native-american-one-dollar-proof-coin-reverse (1).jpg,United States Mint image,https://storage.googleapis.com/us_mint_coin_images/Numista_Attributed_Coins%20%281%29/final_attributed_2025-native-american-one-dollar-proof-coin-reverse (1).jpg
SemiQ-Declaration-Obverse-Proof (1).jpg,attributed_SemiQ-Declaration-Obverse-Proof (1).jpg,United States Mint image,https://storage.googleapis.com/us_mint_coin_images/Numista_Attributed_Coins%20%281%29/final_attributed_SemiQ-Declaration-Obverse-Proof (1).jpg
Native-American-$1-Unc-Obverse.jpg,attributed_Native-American-$1-Unc-Obverse.jpg,United States Mint image,https://storage.googleapis.com/us_mint_coin_images/Numista_Attributed_Coins%20%281%29/final_attributed_Native-American-$1-Unc-Obverse.jpg
2025-american-women-quarters-coin-uncirculated-obverse-denver (1).jpg,attributed_2025-american-women-quarters-coin-uncirculated-obverse-denver (1).jpg,United States Mint image,https://storage.googleapis.com/us_mint_coin_images/Numista_Attributed_Coins%20%281%29/final_attributed_2025-american-women-quarters-coin-uncirculated-obverse-denver (1).jpg
SemiQ-Declaration-Obverse-Proof.jpg,attributed_SemiQ-Declaration-Obverse-Proof.jpg,United States Mint image,https://storage.googleapis.com/us_mint_coin_images/Numista_Attributed_Coins%20%281%29/final_attributed_SemiQ-Declaration-Obverse-Proof.jpg
2025-american-eagle-platinum-proof-coin-obverse.jpg,attributed_2025-american-eagle-platinum-proof-coin-obverse.jpg,United States Mint image,https://storage.googleapis.com/us_mint_coin_images/Numista_Attributed_Coins%20%281%29/final_attributed_2025-american-eagle-platinum-proof-coin-obverse.jpg
2025-roosevelt-dime-uncirculated-obverse-denver.jpg,attributed_2025-roosevelt-dime-uncirculated-obverse-denver.jpg,United States Mint image,https://storage.googleapis.com/us_mint_coin_images/Numista_Attributed_Coins%20%281%29/final_attributed_2025-roosevelt-dime-uncirculated-obverse-denver.jpg
2025-american-eagle-silver-one-ounce-uncirculated-coin-obverse (1).jpg,attributed_2025-american-eagle-silver-one-ounce-uncirculated-coin-obverse (1).jpg,United States Mint image,https://storage.googleapis.com/us_mint_coin_images/Numista_Attributed_Coins%20%281%29/final_attributed_2025-american-eagle-silver-one-ounce-uncirculated-coin-obverse (1).jpg
2025-Morgan-Proof-Obverse.jpg,attributed_2025-Morgan-Proof-Obverse.jpg,United States Mint image,https://storage.googleapis.com/us_mint_coin_images/Numista_Attributed_Coins%20%281%29/final_attributed_2025-Morgan-Proof-Obverse.jpg
SemiQ-Constitution-Reverse-Unc.jpg,attributed_SemiQ-Constitution-Reverse-Unc.jpg,United States Mint image,https://storage.googleapis.com/us_mint_coin_images/Numista_Attributed_Coins%20%281%29/final_attributed_SemiQ-Constitution-Reverse-Unc.jpg
SemiQ-Half-Dollar-Reverse-Unc.jpg,attributed_SemiQ-Half-Dollar-Reverse-Unc.jpg,United States Mint image,https://storage.googleapis.com/us_mint_coin_images/Numista_Attributed_Coins%20%281%29/final_attributed_SemiQ-Half-Dollar-Reverse-Unc.jpg
American-Eagle-Platinum-Proof-Reverse (1).jpg,attributed_American-Eagle-Platinum-Proof-Reverse (1).jpg,United States Mint image,https://storage.googleapis.com/us_mint_coin_images/Numista_Attributed_Coins%20%281%29/final_attributed_American-Eagle-Platinum-Proof-Reverse (1).jpg
2025-american-eagle-silver-proof-army-privy-obverse.jpg,attributed_2025-american-eagle-silver-proof-army-privy-obverse.jpg,United States Mint image,https://storage.googleapis.com/us_mint_coin_images/Numista_Attributed_Coins%20%281%29/final_attributed_2025-american-eagle-silver-proof-army-privy-obverse.jpg
1907-saint-gaudens-semiq-gold-obverse.jpg,attributed_1907-saint-gaudens-semiq-gold-obverse.jpg,United States Mint image,https://storage.googleapis.com/us_mint_coin_images/Numista_Attributed_Coins%20%281%29/final_attributed_1907-saint-gaudens-semiq-gold-obverse.jpg
SemiQ-Nickel-Obverse-Unc-D.jpg,attributed_SemiQ-Nickel-Obverse-Unc-D.jpg,United States Mint image,https://storage.googleapis.com/us_mint_coin_images/Numista_Attributed_Coins%20%281%29/final_attributed_SemiQ-Nickel-Obverse-Unc-D.jpg
American-Innovation-Unc-Reverse-Iowa.jpg,attributed_American-Innovation-Unc-Reverse-Iowa.jpg,United States Mint image,https://storage.googleapis.com/us_mint_coin_images/Numista_Attributed_Coins%20%281%29/final_attributed_American-Innovation-Unc-Reverse-Iowa.jpg
2025-jefferson-nickel-proof-reverse.jpg,attributed_2025-jefferson-nickel-proof-reverse.jpg,United States Mint image,https://storage.googleapis.com/us_mint_coin_images/Numista_Attributed_Coins%20%281%29/final_attributed_2025-jefferson-nickel-proof-reverse.jpg
Penny-Proof-Obverse.jpg,attributed_Penny-Proof-Obverse.jpg,United States Mint image,https://storage.googleapis.com/us_mint_coin_images/Numista_Attributed_Coins%20%281%29/final_attributed_Penny-Proof-Obverse.jpg
SemiQ-Constitution-Obverse-Proof.jpg,attributed_SemiQ-Constitution-Obverse-Proof.jpg,United States Mint image,https://storage.googleapis.com/us_mint_coin_images/Numista_Attributed_Coins%20%281%29/final_attributed_SemiQ-Constitution-Obverse-Proof.jpg
2025-lincoln-penny-uncirculated-obverse-denver.jpg,attributed_2025-lincoln-penny-uncirculated-obverse-denver.jpg,United States Mint image,https://storage.googleapis.com/us_mint_coin_images/Numista_Attributed_Coins%20%281%29/final_attributed_2025-lincoln-penny-uncirculated-obverse-denver.jpg
2025-american-eagle-gold-one-ounce-uncirculated-coin-obverse.jpg,attributed_2025-american-eagle-gold-one-ounce-uncirculated-coin-obverse.jpg,United States Mint image,https://storage.googleapis.com/us_mint_coin_images/Numista_Attributed_Coins%20%281%29/final_attributed_2025-american-eagle-gold-one-ounce-uncirculated-coin-obverse.jpg
American-Innovation-Unc-Reverse-California.jpg,attributed_American-Innovation-Unc-Reverse-California.jpg,United States Mint image,https://storage.googleapis.com/us_mint_coin_images/Numista_Attributed_Coins%20%281%29/final_attributed_American-Innovation-Unc-Reverse-California.jpg
Penny-Proof-Reverse (1).jpg,attributed_Penny-Proof-Reverse (1).jpg,United States Mint image,https://storage.googleapis.com/us_mint_coin_images/Numista_Attributed_Coins%20%281%29/final_attributed_Penny-Proof-Reverse (1).jpg
SemiQ-Revolutionary-War-Obverse-Unc-P (1).jpg,attributed_SemiQ-Revolutionary-War-Obverse-Unc-P (1).jpg,United States Mint image,https://storage.googleapis.com/us_mint_coin_images/Numista_Attributed_Coins%20%281%29/final_attributed_SemiQ-Revolutionary-War-Obverse-Unc-P (1).jpg
SemiQ-Half-Dollar-Obverse-Unc-P.jpg,attributed_SemiQ-Half-Dollar-Obverse-Unc-P.jpg,United States Mint image,https://storage.googleapis.com/us_mint_coin_images/Numista_Attributed_Coins%20%281%29/final_attributed_SemiQ-Half-Dollar-Obverse-Unc-P.jpg
2025-jefferson-nickel-proof-reverse (1).jpg,attributed_2025-jefferson-nickel-proof-reverse (1).jpg,United States Mint image,https://storage.googleapis.com/us_mint_coin_images/Numista_Attributed_Coins%20%281%29/final_attributed_2025-jefferson-nickel-proof-reverse (1).jpg
SemiQ-Constitution-Obverse-Proof (1).jpg,attributed_SemiQ-Constitution-Obverse-Proof (1).jpg,United States Mint image,https://storage.googleapis.com/us_mint_coin_images/Numista_Attributed_Coins%20%281%29/final_attributed_SemiQ-Constitution-Obverse-Proof (1).jpg
2023-american-eagle-palladium-one-ounce-uncirculated-coin-reverse.jpg,attributed_2023-american-eagle-palladium-one-ounce-uncirculated-coin-reverse.jpg,United States Mint image,https://storage.googleapis.com/us_mint_coin_images/Numista_Attributed_Coins%20%281%29/final_attributed_2023-american-eagle-palladium-one-ounce-uncirculated-coin-reverse.jpg
2025-american-women-quarters-coin-juliette-gordon-low-proof-reverse.jpg,attributed_2025-american-women-quarters-coin-juliette-gordon-low-proof-reverse.jpg,United States Mint image,https://storage.googleapis.com/us_mint_coin_images/Numista_Attributed_Coins%20%281%29/final_attributed_2025-american-women-quarters-coin-juliette-gordon-low-proof-reverse.jpg
2025-american-eagle-silver-proof-army-privy-reverse (1).jpg,attributed_2025-american-eagle-silver-proof-army-privy-reverse (1).jpg,United States Mint image,https://storage.googleapis.com/us_mint_coin_images/Numista_Attributed_Coins%20%281%29/final_attributed_2025-american-eagle-silver-proof-army-privy-reverse (1).jpg
2025-american-buffalo-one-ounce-gold-proof-coin-reverse.jpg,attributed_2025-american-buffalo-one-ounce-gold-proof-coin-reverse.jpg,United States Mint image,https://storage.googleapis.com/us_mint_coin_images/Numista_Attributed_Coins%20%281%29/final_attributed_2025-american-buffalo-one-ounce-gold-proof-coin-reverse.jpg
2025-Batman-Gold-Proof-Coin-Reverse.jpg,attributed_2025-Batman-Gold-Proof-Coin-Reverse.jpg,United States Mint image,https://storage.googleapis.com/us_mint_coin_images/Numista_Attributed_Coins%20%281%29/final_attributed_2025-Batman-Gold-Proof-Coin-Reverse.jpg
SemiQ-Dime-Obverse-Unc-D (1).jpg,attributed_SemiQ-Dime-Obverse-Unc-D (1).jpg,United States Mint image,https://storage.googleapis.com/us_mint_coin_images/Numista_Attributed_Coins%20%281%29/final_attributed_SemiQ-Dime-Obverse-Unc-D (1).jpg
2025-american-eagle-silver-proof-usmc-privy-obverse.jpg,attributed_2025-american-eagle-silver-proof-usmc-privy-obverse.jpg,United States Mint image,https://storage.googleapis.com/us_mint_coin_images/Numista_Attributed_Coins%20%281%29/final_attributed_2025-american-eagle-silver-proof-usmc-privy-obverse.jpg
2025-us-marine-corps-250th-anniversary-commemorative-gold-proof-reverse.jpg,attributed_2025-us-marine-corps-250th-anniversary-commemorative-gold-proof-reverse.jpg,United States Mint image,https://storage.googleapis.com/us_mint_coin_images/Numista_Attributed_Coins%20%281%29/final_attributed_2025-us-marine-corps-250th-anniversary-commemorative-gold-proof-reverse.jpg
SemiQ-Mayflower-Obverse-Unc-D (1).jpg,attributed_SemiQ-Mayflower-Obverse-Unc-D (1).jpg,United States Mint image,https://storage.googleapis.com/us_mint_coin_images/Numista_Attributed_Coins%20%281%29/final_attributed_SemiQ-Mayflower-Obverse-Unc-D (1).jpg
SemiQ-Declaration-Reverse-Unc.jpg,attributed_SemiQ-Declaration-Reverse-Unc.jpg,United States Mint image,https://storage.googleapis.com/us_mint_coin_images/Numista_Attributed_Coins%20%281%29/final_attributed_SemiQ-Declaration-Reverse-Unc.jpg
2025-american-eagle-silver-one-ounce-uncirculated-coin-reverse.jpg,attributed_2025-american-eagle-silver-one-ounce-uncirculated-coin-reverse.jpg,United States Mint image,https://storage.googleapis.com/us_mint_coin_images/Numista_Attributed_Coins%20%281%29/final_attributed_2025-american-eagle-silver-one-ounce-uncirculated-coin-reverse.jpg
2025-lincoln-penny-uncirculated-reverse.jpg,attributed_2025-lincoln-penny-uncirculated-reverse.jpg,United States Mint image,https://storage.googleapis.com/us_mint_coin_images/Numista_Attributed_Coins%20%281%29/final_attributed_2025-lincoln-penny-uncirculated-reverse.jpg
2025-lincoln-penny-proof-reverse (1).jpg,attributed_2025-lincoln-penny-proof-reverse (1).jpg,United States Mint image,https://storage.googleapis.com/us_mint_coin_images/Numista_Attributed_Coins%20%281%29/final_attributed_2025-lincoln-penny-proof-reverse (1).jpg
American-Eagle-Silver-Proof-Privy-Reverse.jpg,attributed_American-Eagle-Silver-Proof-Privy-Reverse.jpg,United States Mint image,https://storage.googleapis.com/us_mint_coin_images/Numista_Attributed_Coins%20%281%29/final_attributed_American-Eagle-Silver-Proof-Privy-Reverse.jpg
American-Innovation-Unc-Obverse (1).jpg,attributed_American-Innovation-Unc-Obverse (1).jpg,United States Mint image,https://storage.googleapis.com/us_mint_coin_images/Numista_Attributed_Coins%20%281%29/final_attributed_American-Innovation-Unc-Obverse (1).jpg
Standing-Liberty-Gold-Reverse (1).jpg,attributed_Standing-Liberty-Gold-Reverse (1).jpg,United States Mint image,https://storage.googleapis.com/us_mint_coin_images/Numista_Attributed_Coins%20%281%29/final_attributed_Standing-Liberty-Gold-Reverse (1).jpg
SemiQ-Gettysburg-Obverse-Unc-P.jpg,attributed_SemiQ-Gettysburg-Obverse-Unc-P.jpg,United States Mint image,https://storage.googleapis.com/us_mint_coin_images/Numista_Attributed_Coins%20%281%29/final_attributed_SemiQ-Gettysburg-Obverse-Unc-P.jpg
2025-roosevelt-dime-proof-reverse (1).jpg,attributed_2025-roosevelt-dime-proof-reverse (1).jpg,United States Mint image,https://storage.googleapis.com/us_mint_coin_images/Numista_Attributed_Coins%20%281%29/final_attributed_2025-roosevelt-dime-proof-reverse (1).jpg
2025-Peace-Unc-Reverse.jpg,attributed_2025-Peace-Unc-Reverse.jpg,United States Mint image,https://storage.googleapis.com/us_mint_coin_images/Numista_Attributed_Coins%20%281%29/final_attributed_2025-Peace-Unc-Reverse.jpg
SemiQ-Revolutionary-War-Obverse-Proof (1).jpg,attributed_SemiQ-Revolutionary-War-Obverse-Proof (1).jpg,United States Mint image,https://storage.googleapis.com/us_mint_coin_images/Numista_Attributed_Coins%20%281%29/final_attributed_SemiQ-Revolutionary-War-Obverse-Proof (1).jpg
American-Eagle-Gold-Proof-Obverse.jpg,attributed_American-Eagle-Gold-Proof-Obverse.jpg,United States Mint image,https://storage.googleapis.com/us_mint_coin_images/Numista_Attributed_Coins%20%281%29/final_attributed_American-Eagle-Gold-Proof-Obverse.jpg
Dime-Proof-Reverse (1).jpg,attributed_Dime-Proof-Reverse (1).jpg,United States Mint image,https://storage.googleapis.com/us_mint_coin_images/Numista_Attributed_Coins%20%281%29/final_attributed_Dime-Proof-Reverse (1).jpg
2025-Superman-Gold-Reverse (1).jpg,attributed_2025-Superman-Gold-Reverse (1).jpg,United States Mint image,https://storage.googleapis.com/us_mint_coin_images/Numista_Attributed_Coins%20%281%29/final_attributed_2025-Superman-Gold-Reverse (1).jpg
2025-native-american-one-dollar-uncirculated-coin-reverse (1).jpg,attributed_2025-native-american-one-dollar-uncirculated-coin-reverse (1).jpg,United States Mint image,https://storage.googleapis.com/us_mint_coin_images/Numista_Attributed_Coins%20%281%29/final_attributed_2025-native-american-one-dollar-uncirculated-coin-reverse (1).jpg
