Coin_ID,Year,Mint_Mark,Denomination,Program_or_Series,Prior_Mismatches,Obverse_Image_URL,Reverse_Image_URL
13cc226c-5c64-4f89-b42e-d6ec7eb056a6,1911,,Penny,Lincoln Head Penny,corrected mismatch/missing image.,https://storage.googleapis.com/numista-uploads-studio-9101802118-8c9a8/users/jseaman1204@gmail.com/coins/13cc226c-5c64-4f89-b42e-d6ec7eb056a6/obverse.jpg?t=1782428692,https://storage.googleapis.com/numista-uploads-studio-9101802118-8c9a8/users/jseaman1204@gmail.com/coins/13cc226c-5c64-4f89-b42e-d6ec7eb056a6/reverse.jpg?t=1782428693
09437b69-d50b-46ff-a6ed-17f99ffb0122,1938,S,Quarter,Washington Silver Quarter,corrected mismatch/missing image.,https://storage.googleapis.com/numista-uploads-studio-9101802118-8c9a8/users/jseaman1204@gmail.com/coins/09437b69-d50b-46ff-a6ed-17f99ffb0122/obverse.jpg?t=1782428473,https://storage.googleapis.com/numista-uploads-studio-9101802118-8c9a8/users/jseaman1204@gmail.com/coins/09437b69-d50b-46ff-a6ed-17f99ffb0122/reverse.jpg?t=1782428474
0e3b7e6f-f8ee-429b-a0ca-ffb527e19ac9,1843,,Dollar,Liberty Seated,corrected mismatch/missing image.,https://storage.googleapis.com/numista-uploads-studio-9101802118-8c9a8/users/jseaman1204@gmail.com/coins/0e3b7e6f-f8ee-429b-a0ca-ffb527e19ac9/obverse.jpg?t=1782428566,https://storage.googleapis.com/numista-uploads-studio-9101802118-8c9a8/users/jseaman1204@gmail.com/coins/0e3b7e6f-f8ee-429b-a0ca-ffb527e19ac9/reverse.jpg?t=1782428567
1e9037e5-4164-4138-a210-59838977e1f6,1847,O,Half Dollar,Liberty Seated,corrected mismatch/missing image.,https://storage.googleapis.com/numista-uploads-studio-9101802118-8c9a8/users/jseaman1204@gmail.com/coins/1e9037e5-4164-4138-a210-59838977e1f6/obverse.jpg?t=1782428859,https://storage.googleapis.com/numista-uploads-studio-9101802118-8c9a8/users/jseaman1204@gmail.com/coins/1e9037e5-4164-4138-a210-59838977e1f6/reverse.jpg?t=1782428860
6bff2fe5-6f90-47cd-ad81-ad013f9d4fb2,1830,,Nickel,Capped Bust,corrected mismatch/missing image.,https://storage.googleapis.com/numista-uploads-studio-9101802118-8c9a8/users/jseaman1204@gmail.com/coins/6bff2fe5-6f90-47cd-ad81-ad013f9d4fb2/obverse.jpg?t=1782430082,https://storage.googleapis.com/numista-uploads-studio-9101802118-8c9a8/users/jseaman1204@gmail.com/coins/6bff2fe5-6f90-47cd-ad81-ad013f9d4fb2/reverse.jpg?t=1782430086
c4bdf52b-586b-4b29-a536-b229c57baf25,1932,D,Penny,Lincoln Cent,corrected mismatch/missing image.,https://storage.googleapis.com/numista-uploads-studio-9101802118-8c9a8/users/jseaman1204@gmail.com/coins/c4bdf52b-586b-4b29-a536-b229c57baf25/obverse.jpg?t=1782431505,https://storage.googleapis.com/numista-uploads-studio-9101802118-8c9a8/users/jseaman1204@gmail.com/coins/c4bdf52b-586b-4b29-a536-b229c57baf25/reverse.jpg?t=1782431505
8a16b0e2-e14d-438e-82d2-08fb65178d80,2017,D,1 Dollar,Native American Dollar,corrected mismatch/missing image.,https://storage.googleapis.com/numista-uploads-studio-9101802118-8c9a8/users/jseaman1204@gmail.com/coins/8a16b0e2-e14d-438e-82d2-08fb65178d80/obverse.jpg?t=1782430532,https://storage.googleapis.com/numista-uploads-studio-9101802118-8c9a8/users/jseaman1204@gmail.com/coins/8a16b0e2-e14d-438e-82d2-08fb65178d80/reverse.jpg?t=1782430533
66d66032-4507-4e7c-aed2-ab55ffb1da4e,1982,,Penny,Lincoln Head Penny,corrected mismatch/missing image.,https://storage.googleapis.com/numista-uploads-studio-9101802118-8c9a8/users/jseaman1204@gmail.com/coins/66d66032-4507-4e7c-aed2-ab55ffb1da4e/obverse.jpg?t=1782429972,https://storage.googleapis.com/numista-uploads-studio-9101802118-8c9a8/users/jseaman1204@gmail.com/coins/66d66032-4507-4e7c-aed2-ab55ffb1da4e/reverse.jpg?t=1782429972
48abd19e-3181-48dc-b261-8512414f414d,1873,,Dime,Liberty Seated Silver Dime,corrected mismatch/missing image.,https://storage.googleapis.com/numista-uploads-studio-9101802118-8c9a8/users/jseaman1204@gmail.com/coins/48abd19e-3181-48dc-b261-8512414f414d/obverse.jpg?t=1782429507,https://storage.googleapis.com/numista-uploads-studio-9101802118-8c9a8/users/jseaman1204@gmail.com/coins/48abd19e-3181-48dc-b261-8512414f414d/reverse.jpg?t=1782429508
5e21bf34-36ec-494d-9f31-f965808fad58,1960,,Dime,Roosevelt Dime,corrected mismatch/missing image.,https://storage.googleapis.com/numista-uploads-studio-9101802118-8c9a8/users/jseaman1204@gmail.com/coins/5e21bf34-36ec-494d-9f31-f965808fad58/obverse.jpg?t=1782429862,https://storage.googleapis.com/numista-uploads-studio-9101802118-8c9a8/users/jseaman1204@gmail.com/coins/5e21bf34-36ec-494d-9f31-f965808fad58/reverse.jpg?t=1782429863
2e17b559-4eb3-4a77-8a21-8e3161dae699,1974,S,Dollar,Eisenhower Dollar,corrected mismatch/missing image.,https://storage.googleapis.com/numista-uploads-studio-9101802118-8c9a8/users/jseaman1204@gmail.com/coins/2e17b559-4eb3-4a77-8a21-8e3161dae699/obverse.jpg?t=1782429109,https://storage.googleapis.com/numista-uploads-studio-9101802118-8c9a8/users/jseaman1204@gmail.com/coins/2e17b559-4eb3-4a77-8a21-8e3161dae699/reverse.jpg?t=1782429109
c0a5756c-b83f-4ce3-bdcc-d23bae1c2a6d,1899,,Cent,Indian Head Cent,corrected mismatch/missing image.,https://storage.googleapis.com/numista-uploads-studio-9101802118-8c9a8/users/jseaman1204@gmail.com/coins/c0a5756c-b83f-4ce3-bdcc-d23bae1c2a6d/obverse.jpg?t=1782431432,https://storage.googleapis.com/numista-uploads-studio-9101802118-8c9a8/users/jseaman1204@gmail.com/coins/c0a5756c-b83f-4ce3-bdcc-d23bae1c2a6d/reverse.jpg?t=1782431433
709785cb-6102-4ddb-bcf6-1f9920918af8,1998,S,Quarter,Washington Silver Quarter,corrected mismatch/missing image.,https://storage.googleapis.com/numista-uploads-studio-9101802118-8c9a8/users/jseaman1204@gmail.com/coins/709785cb-6102-4ddb-bcf6-1f9920918af8/obverse.jpg?t=1782430185,https://storage.googleapis.com/numista-uploads-studio-9101802118-8c9a8/users/jseaman1204@gmail.com/coins/709785cb-6102-4ddb-bcf6-1f9920918af8/reverse.jpg?t=1782430185
81dbdf5a-3b99-4de2-b13c-a5c7ba7a63e1,1998,P,Dollar,American Eagle,corrected mismatch/missing image.,https://storage.googleapis.com/numista-uploads-studio-9101802118-8c9a8/users/jseaman1204@gmail.com/coins/81dbdf5a-3b99-4de2-b13c-a5c7ba7a63e1/obverse.jpg?t=1782430419,https://storage.googleapis.com/numista-uploads-studio-9101802118-8c9a8/users/jseaman1204@gmail.com/coins/81dbdf5a-3b99-4de2-b13c-a5c7ba7a63e1/reverse.jpg?t=1782430419
5257370c-552a-4a0a-942e-9b51d5ddec6c,1854,O,Quarter,Liberty Seated,corrected mismatch/missing image.,https://storage.googleapis.com/numista-uploads-studio-9101802118-8c9a8/users/jseaman1204@gmail.com/coins/5257370c-552a-4a0a-942e-9b51d5ddec6c/obverse.jpg?t=1782429666,https://storage.googleapis.com/numista-uploads-studio-9101802118-8c9a8/users/jseaman1204@gmail.com/coins/5257370c-552a-4a0a-942e-9b51d5ddec6c/reverse.jpg?t=1782429667
c7ad0d34-0fc5-4f1c-abee-b36a80a807e1,1813,,Capped Bust Silver Half Dollar,Capped Bust Half Dollar,corrected mismatch/missing image.,https://storage.googleapis.com/numista-uploads-studio-9101802118-8c9a8/users/jseaman1204@gmail.com/coins/c7ad0d34-0fc5-4f1c-abee-b36a80a807e1/obverse.jpg?t=1782431567,https://storage.googleapis.com/numista-uploads-studio-9101802118-8c9a8/users/jseaman1204@gmail.com/coins/c7ad0d34-0fc5-4f1c-abee-b36a80a807e1/reverse.jpg?t=1782431568
3e5c0bb5-6625-4923-b0ad-a8667216f8ca,2021,D,1 Dollar,Native American Dollar,corrected mismatch/missing image.,https://storage.googleapis.com/numista-uploads-studio-9101802118-8c9a8/users/jseaman1204@gmail.com/coins/3e5c0bb5-6625-4923-b0ad-a8667216f8ca/obverse.jpg?t=1782429380,https://storage.googleapis.com/numista-uploads-studio-9101802118-8c9a8/users/jseaman1204@gmail.com/coins/3e5c0bb5-6625-4923-b0ad-a8667216f8ca/reverse.jpg?t=1782429381
e503053b-2875-43b0-a700-7b9c7d23b552,1840,,Nickel,,corrected mismatch/missing image.,https://storage.googleapis.com/numista-uploads-studio-9101802118-8c9a8/users/jseaman1204@gmail.com/coins/e503053b-2875-43b0-a700-7b9c7d23b552/obverse.jpg?t=1782432110,https://storage.googleapis.com/numista-uploads-studio-9101802118-8c9a8/users/jseaman1204@gmail.com/coins/e503053b-2875-43b0-a700-7b9c7d23b552/reverse.jpg?t=1782432113
920fe603-5d55-42cf-8be1-1ee10a9b60f3,1970,S,Penny,Lincoln Cent Series,corrected mismatch/missing image.,https://storage.googleapis.com/numista-uploads-studio-9101802118-8c9a8/users/jseaman1204@gmail.com/coins/920fe603-5d55-42cf-8be1-1ee10a9b60f3/obverse.jpg?t=1782430672,https://storage.googleapis.com/numista-uploads-studio-9101802118-8c9a8/users/jseaman1204@gmail.com/coins/920fe603-5d55-42cf-8be1-1ee10a9b60f3/reverse.jpg?t=1782430672
6a514596-26f4-4617-a86e-da378aba2995,1806,,25 Cents,Barber Silver Quarters,corrected mismatch/missing image.,https://storage.googleapis.com/numista-uploads-studio-9101802118-8c9a8/users/jseaman1204@gmail.com/coins/6a514596-26f4-4617-a86e-da378aba2995/obverse.jpg?t=1782430050,https://storage.googleapis.com/numista-uploads-studio-9101802118-8c9a8/users/jseaman1204@gmail.com/coins/6a514596-26f4-4617-a86e-da378aba2995/reverse.jpg?t=1782430051
2169e7dc-4710-4a1a-85df-2a940ecb1cfb,1991,S,Quarter,Washington Silver Quarter,corrected mismatch/missing image.,https://storage.googleapis.com/numista-uploads-studio-9101802118-8c9a8/users/jseaman1204@gmail.com/coins/2169e7dc-4710-4a1a-85df-2a940ecb1cfb/obverse.jpg?t=1782428903,https://storage.googleapis.com/numista-uploads-studio-9101802118-8c9a8/users/jseaman1204@gmail.com/coins/2169e7dc-4710-4a1a-85df-2a940ecb1cfb/reverse.jpg?t=1782428904
7b16abd0-7785-44dc-89e8-13d522380b76,1940,D,Quarter,Washington Silver Quarter,corrected mismatch/missing image.,https://storage.googleapis.com/numista-uploads-studio-9101802118-8c9a8/users/jseaman1204@gmail.com/coins/7b16abd0-7785-44dc-89e8-13d522380b76/obverse.jpg?t=1782430316,https://storage.googleapis.com/numista-uploads-studio-9101802118-8c9a8/users/jseaman1204@gmail.com/coins/7b16abd0-7785-44dc-89e8-13d522380b76/reverse.jpg?t=1782430317
514588b0-d1bb-4a3f-bf06-39f705310f8c,1920,D,Dime,Mercury Dime,corrected mismatch/missing image.,https://storage.googleapis.com/numista-uploads-studio-9101802118-8c9a8/users/jseaman1204@gmail.com/coins/514588b0-d1bb-4a3f-bf06-39f705310f8c/obverse.jpg?t=1782429644,https://storage.googleapis.com/numista-uploads-studio-9101802118-8c9a8/users/jseaman1204@gmail.com/coins/514588b0-d1bb-4a3f-bf06-39f705310f8c/reverse.jpg?t=1782429645
b7e36423-3f76-4eab-8d80-e609df42db8b,1959,P,Nickel,Jefferson Nickel Series,corrected mismatch/missing image.,https://storage.googleapis.com/numista-uploads-studio-9101802118-8c9a8/users/jseaman1204@gmail.com/coins/b7e36423-3f76-4eab-8d80-e609df42db8b/obverse.jpg?t=1782431299,https://storage.googleapis.com/numista-uploads-studio-9101802118-8c9a8/users/jseaman1204@gmail.com/coins/b7e36423-3f76-4eab-8d80-e609df42db8b/reverse.jpg?t=1782431299
3a4fe65f-4381-4e9b-bd99-4a5126ef1cda,2009,S,Quarter,State and Territory Quarters,corrected mismatch/missing image.,https://storage.googleapis.com/numista-uploads-studio-9101802118-8c9a8/users/jseaman1204@gmail.com/coins/3a4fe65f-4381-4e9b-bd99-4a5126ef1cda/obverse.jpg?t=1782429323,https://storage.googleapis.com/numista-uploads-studio-9101802118-8c9a8/users/jseaman1204@gmail.com/coins/3a4fe65f-4381-4e9b-bd99-4a5126ef1cda/reverse.jpg?t=1782429323
35c6320e-710d-4c71-9a01-5891ec81df52,1958,D,Half Dollar,Franklin Half Dollar,corrected mismatch/missing image.,https://storage.googleapis.com/numista-uploads-studio-9101802118-8c9a8/users/jseaman1204@gmail.com/coins/35c6320e-710d-4c71-9a01-5891ec81df52/obverse.jpg?t=1782429233,https://storage.googleapis.com/numista-uploads-studio-9101802118-8c9a8/users/jseaman1204@gmail.com/coins/35c6320e-710d-4c71-9a01-5891ec81df52/reverse.jpg?t=1782429234
e8c9d92c-1b6d-4947-8514-655258b28e00,1925,,Penny,Lincoln Cent,corrected mismatch/missing image.,https://storage.googleapis.com/numista-uploads-studio-9101802118-8c9a8/users/jseaman1204@gmail.com/coins/e8c9d92c-1b6d-4947-8514-655258b28e00/obverse.jpg?t=1782432207,https://storage.googleapis.com/numista-uploads-studio-9101802118-8c9a8/users/jseaman1204@gmail.com/coins/e8c9d92c-1b6d-4947-8514-655258b28e00/reverse.jpg?t=1782432208
27857588-04de-414b-a122-9d7fd089ace3,1996,S,Quarter,Washington Silver Quarter,corrected mismatch/missing image.,https://storage.googleapis.com/numista-uploads-studio-9101802118-8c9a8/users/jseaman1204@gmail.com/coins/27857588-04de-414b-a122-9d7fd089ace3/obverse.jpg?t=1782429000,https://storage.googleapis.com/numista-uploads-studio-9101802118-8c9a8/users/jseaman1204@gmail.com/coins/27857588-04de-414b-a122-9d7fd089ace3/reverse.jpg?t=1782429000
b4beeafb-1ea8-4f6c-a420-e487d429cae3,2009,P,Quarter,State and Territory Quarters,corrected mismatch/missing image.,https://storage.googleapis.com/numista-uploads-studio-9101802118-8c9a8/users/jseaman1204@gmail.com/coins/b4beeafb-1ea8-4f6c-a420-e487d429cae3/obverse.jpg?t=1782431258,https://storage.googleapis.com/numista-uploads-studio-9101802118-8c9a8/users/jseaman1204@gmail.com/coins/b4beeafb-1ea8-4f6c-a420-e487d429cae3/reverse.jpg?t=1782431259
5f6db0ea-019b-49ec-844c-21f96bc1d3bb,1955,D,Quarter,Washington Silver Quarter,corrected mismatch/missing image.,https://storage.googleapis.com/numista-uploads-studio-9101802118-8c9a8/users/jseaman1204@gmail.com/coins/5f6db0ea-019b-49ec-844c-21f96bc1d3bb/obverse.jpg?t=1782429876,https://storage.googleapis.com/numista-uploads-studio-9101802118-8c9a8/users/jseaman1204@gmail.com/coins/5f6db0ea-019b-49ec-844c-21f96bc1d3bb/reverse.jpg?t=1782429877
fcf46120-e5a2-4048-befe-c34fe54e0991,1940,D,Dime,Mercury Dime,corrected mismatch/missing image.,https://storage.googleapis.com/numista-uploads-studio-9101802118-8c9a8/users/jseaman1204@gmail.com/coins/fcf46120-e5a2-4048-befe-c34fe54e0991/obverse.jpg?t=1782432510,https://storage.googleapis.com/numista-uploads-studio-9101802118-8c9a8/users/jseaman1204@gmail.com/coins/fcf46120-e5a2-4048-befe-c34fe54e0991/reverse.jpg?t=1782432511
8b0fc299-0891-407d-badb-1d309c76f9cd,1945,S,Nickel,Jefferson Nickel Series,corrected mismatch/missing image.,https://storage.googleapis.com/numista-uploads-studio-9101802118-8c9a8/users/jseaman1204@gmail.com/coins/8b0fc299-0891-407d-badb-1d309c76f9cd/obverse.jpg?t=1782430548,https://storage.googleapis.com/numista-uploads-studio-9101802118-8c9a8/users/jseaman1204@gmail.com/coins/8b0fc299-0891-407d-badb-1d309c76f9cd/reverse.jpg?t=1782430548
d0a87fc9-fb30-442e-8368-5eafc36afef8,1984,,Penny,Lincoln Head Penny,corrected mismatch/missing image.,https://storage.googleapis.com/numista-uploads-studio-9101802118-8c9a8/users/jseaman1204@gmail.com/coins/d0a87fc9-fb30-442e-8368-5eafc36afef8/obverse.jpg?t=1782431714,https://storage.googleapis.com/numista-uploads-studio-9101802118-8c9a8/users/jseaman1204@gmail.com/coins/d0a87fc9-fb30-442e-8368-5eafc36afef8/reverse.jpg?t=1782431714
98e6735f-a7e6-4309-9a70-eaf330332f9c,1860,,Quarter,Liberty Seated,corrected mismatch/missing image.,https://storage.googleapis.com/numista-uploads-studio-9101802118-8c9a8/users/jseaman1204@gmail.com/coins/98e6735f-a7e6-4309-9a70-eaf330332f9c/obverse.jpg?t=1782430791,https://storage.googleapis.com/numista-uploads-studio-9101802118-8c9a8/users/jseaman1204@gmail.com/coins/98e6735f-a7e6-4309-9a70-eaf330332f9c/reverse.jpg?t=1782430792
120a59ac-d012-4e11-b02f-55ac634bee85,1943,P,Half Dollar,Liberty Walking Half Dollar,corrected mismatch/missing image.,https://storage.googleapis.com/numista-uploads-studio-9101802118-8c9a8/users/jseaman1204@gmail.com/coins/120a59ac-d012-4e11-b02f-55ac634bee85/obverse.jpg?t=1782428646,https://storage.googleapis.com/numista-uploads-studio-9101802118-8c9a8/users/jseaman1204@gmail.com/coins/120a59ac-d012-4e11-b02f-55ac634bee85/reverse.jpg?t=1782428647
6b8f0a9a-49d6-4a09-bbe3-a0700ea80f82,1960,,Quarter,Washington Silver Quarter,corrected mismatch/missing image.,https://storage.googleapis.com/numista-uploads-studio-9101802118-8c9a8/users/jseaman1204@gmail.com/coins/6b8f0a9a-49d6-4a09-bbe3-a0700ea80f82/obverse.jpg?t=1782430072,https://storage.googleapis.com/numista-uploads-studio-9101802118-8c9a8/users/jseaman1204@gmail.com/coins/6b8f0a9a-49d6-4a09-bbe3-a0700ea80f82/reverse.jpg?t=1782430073
0b574132-834d-429e-9c36-c0d0a8e46e78,1911,,Penny,Lincoln Cent,corrected mismatch/missing image.,https://storage.googleapis.com/numista-uploads-studio-9101802118-8c9a8/users/jseaman1204@gmail.com/coins/0b574132-834d-429e-9c36-c0d0a8e46e78/obverse.jpg?t=1782428523,https://storage.googleapis.com/numista-uploads-studio-9101802118-8c9a8/users/jseaman1204@gmail.com/coins/0b574132-834d-429e-9c36-c0d0a8e46e78/reverse.jpg?t=1782428524
61ad813d-34a3-47f8-b2f7-3cb3844cb198,2006,S,Penny,Lincoln Cent,corrected mismatch/missing image.,https://storage.googleapis.com/numista-uploads-studio-9101802118-8c9a8/users/jseaman1204@gmail.com/coins/61ad813d-34a3-47f8-b2f7-3cb3844cb198/obverse.jpg?t=1782429906,https://storage.googleapis.com/numista-uploads-studio-9101802118-8c9a8/users/jseaman1204@gmail.com/coins/61ad813d-34a3-47f8-b2f7-3cb3844cb198/reverse.jpg?t=1782429906
1ec360ec-726f-45b6-904a-5238ad694562,1954,,Half Dollar,Franklin Half Dollar,corrected mismatch/missing image.,https://storage.googleapis.com/numista-uploads-studio-9101802118-8c9a8/users/jseaman1204@gmail.com/coins/1ec360ec-726f-45b6-904a-5238ad694562/obverse.jpg?t=1782428864,https://storage.googleapis.com/numista-uploads-studio-9101802118-8c9a8/users/jseaman1204@gmail.com/coins/1ec360ec-726f-45b6-904a-5238ad694562/reverse.jpg?t=1782428865
cb10fcae-3ff2-466e-8204-46dd59663720,1973,D,Penny,Lincoln Cent,corrected mismatch/missing image.,https://storage.googleapis.com/numista-uploads-studio-9101802118-8c9a8/users/jseaman1204@gmail.com/coins/cb10fcae-3ff2-466e-8204-46dd59663720/obverse.jpg?t=1782431639,https://storage.googleapis.com/numista-uploads-studio-9101802118-8c9a8/users/jseaman1204@gmail.com/coins/cb10fcae-3ff2-466e-8204-46dd59663720/reverse.jpg?t=1782431639
4c24a4f1-f2b9-4fdb-9749-b237c30fcc2b,1998,D,Penny,Lincoln Head Penny,corrected mismatch/missing image.,https://storage.googleapis.com/numista-uploads-studio-9101802118-8c9a8/users/jseaman1204@gmail.com/coins/4c24a4f1-f2b9-4fdb-9749-b237c30fcc2b/obverse.jpg?t=1782429559,https://storage.googleapis.com/numista-uploads-studio-9101802118-8c9a8/users/jseaman1204@gmail.com/coins/4c24a4f1-f2b9-4fdb-9749-b237c30fcc2b/reverse.jpg?t=1782429560
a149f856-9221-49fb-88eb-131d74ca7ccf,1925,S,Nickel,Buffalo Nickel,corrected mismatch/missing image.,https://storage.googleapis.com/numista-uploads-studio-9101802118-8c9a8/users/jseaman1204@gmail.com/coins/a149f856-9221-49fb-88eb-131d74ca7ccf/obverse.jpg?t=1782430948,https://storage.googleapis.com/numista-uploads-studio-9101802118-8c9a8/users/jseaman1204@gmail.com/coins/a149f856-9221-49fb-88eb-131d74ca7ccf/reverse.jpg?t=1782430955
b41a0305-bdee-4414-baeb-19e081d607fa,1999,P,Quarter,State and Territory Quarters,corrected mismatch/missing image.,https://storage.googleapis.com/numista-uploads-studio-9101802118-8c9a8/users/jseaman1204@gmail.com/coins/b41a0305-bdee-4414-baeb-19e081d607fa/obverse.jpg?t=1782431239,https://storage.googleapis.com/numista-uploads-studio-9101802118-8c9a8/users/jseaman1204@gmail.com/coins/b41a0305-bdee-4414-baeb-19e081d607fa/reverse.jpg?t=1782431241
8445dfcc-fa41-4671-9dfa-6d82ed59109d,1912,,Nickel,Liberty Head Nickel,corrected mismatch/missing image.,https://storage.googleapis.com/numista-uploads-studio-9101802118-8c9a8/users/jseaman1204@gmail.com/coins/8445dfcc-fa41-4671-9dfa-6d82ed59109d/obverse.jpg?t=1782430450,https://storage.googleapis.com/numista-uploads-studio-9101802118-8c9a8/users/jseaman1204@gmail.com/coins/8445dfcc-fa41-4671-9dfa-6d82ed59109d/reverse.jpg?t=1782430456
c08d8d46-0a72-41a9-bf73-497eb2ee1811,1961,,Penny,Lincoln Head Penny,corrected mismatch/missing image.,https://storage.googleapis.com/numista-uploads-studio-9101802118-8c9a8/users/jseaman1204@gmail.com/coins/c08d8d46-0a72-41a9-bf73-497eb2ee1811/obverse.jpg?t=1782431427,https://storage.googleapis.com/numista-uploads-studio-9101802118-8c9a8/users/jseaman1204@gmail.com/coins/c08d8d46-0a72-41a9-bf73-497eb2ee1811/reverse.jpg?t=1782431429
90efde5c-d6ab-40ae-9560-3b4c570a4ac6,2002,P,Quarter,State and Territory Quarters,corrected mismatch/missing image.,https://storage.googleapis.com/numista-uploads-studio-9101802118-8c9a8/users/jseaman1204@gmail.com/coins/90efde5c-d6ab-40ae-9560-3b4c570a4ac6/obverse.jpg?t=1782430648,https://storage.googleapis.com/numista-uploads-studio-9101802118-8c9a8/users/jseaman1204@gmail.com/coins/90efde5c-d6ab-40ae-9560-3b4c570a4ac6/reverse.jpg?t=1782430649
f5a1bf8e-a035-4778-8685-cd1ee7be176f,2012,D,$1,Presidential $1 Coin Program,corrected mismatch/missing image.,https://storage.googleapis.com/numista-uploads-studio-9101802118-8c9a8/users/jseaman1204@gmail.com/coins/f5a1bf8e-a035-4778-8685-cd1ee7be176f/obverse.jpg?t=1782432382,https://storage.googleapis.com/numista-uploads-studio-9101802118-8c9a8/users/jseaman1204@gmail.com/coins/f5a1bf8e-a035-4778-8685-cd1ee7be176f/reverse.jpg?t=1782432384
36b9e59b-ed78-416c-ac25-99c77740183b,2007,D,1 Dollar,Sacagawea Dollar,corrected mismatch/missing image.,https://storage.googleapis.com/numista-uploads-studio-9101802118-8c9a8/users/jseaman1204@gmail.com/coins/36b9e59b-ed78-416c-ac25-99c77740183b/obverse.jpg?t=1782429273,https://storage.googleapis.com/numista-uploads-studio-9101802118-8c9a8/users/jseaman1204@gmail.com/coins/36b9e59b-ed78-416c-ac25-99c77740183b/reverse.jpg?t=1782429274
c608c73a-1da3-45f2-8e2f-04f73fce8082,1957,,Penny,Lincoln Cent,corrected mismatch/missing image.,https://storage.googleapis.com/numista-uploads-studio-9101802118-8c9a8/users/jseaman1204@gmail.com/coins/c608c73a-1da3-45f2-8e2f-04f73fce8082/obverse.jpg?t=1782431526,https://storage.googleapis.com/numista-uploads-studio-9101802118-8c9a8/users/jseaman1204@gmail.com/coins/c608c73a-1da3-45f2-8e2f-04f73fce8082/reverse.jpg?t=1782431526
14ad7a61-eed5-4acc-82de-7a498aace9f9,1930,,Penny,Lincoln Wheat Cent,corrected mismatch/missing image.,https://storage.googleapis.com/numista-uploads-studio-9101802118-8c9a8/users/jseaman1204@gmail.com/coins/14ad7a61-eed5-4acc-82de-7a498aace9f9/obverse.jpg?t=1782428711,https://storage.googleapis.com/numista-uploads-studio-9101802118-8c9a8/users/jseaman1204@gmail.com/coins/14ad7a61-eed5-4acc-82de-7a498aace9f9/reverse.jpg?t=1782428712
